"Time","Position"
1.0E-5,2.0219482765465292E-6
2.0E-5,2.4370029459513126E-6
3.0000000000000004E-5,2.8807624364275523E-6
4.0E-5,2.4897533442686124E-6
5.0E-5,2.450683208812432E-6
6.0E-5,2.7456488136000847E-6
7.000000000000001E-5,3.323989161212395E-6
8.0E-5,2.9942256932515645E-6
9.0E-5,3.3234668748595173E-6
1.0E-4,4.1106054999186816E-6
1.1E-4,5.1688254853719664E-6
1.2E-4,6.7114320008914385E-6
1.3000000000000002E-4,8.062386456895705E-6
1.4000000000000001E-4,9.124706192436276E-6
1.5000000000000001E-4,1.0197755124210805E-5
1.6E-4,1.1116464516277878E-5
1.7E-4,1.1324438103142218E-5
1.8E-4,1.1290605680682334E-5
1.9E-4,1.1120797836107818E-5
2.0E-4,1.1064783968688477E-5
2.1E-4,1.1806623698940047E-5
2.2E-4,1.2464662218735276E-5
2.3E-4,1.2752479123979146E-5
2.4E-4,1.3532565739713372E-5
2.5E-4,1.4688877961084905E-5
2.6000000000000003E-4,1.682786619495145E-5
2.7000000000000006E-4,1.8577108219384932E-5
2.800000000000001E-4,1.93142839926805E-5
2.900000000000001E-4,2.0083260756813806E-5
3.0000000000000014E-4,2.110960625799785E-5
3.1000000000000016E-4,2.1955780746673562E-5
3.200000000000002E-4,2.2398797361712923E-5
3.300000000000002E-4,2.336735214313547E-5
3.4000000000000024E-4,2.4584318891743124E-5
3.5000000000000027E-4,2.5724910300098886E-5
3.600000000000003E-4,2.679175415707171E-5
3.700000000000003E-4,2.8626274660003488E-5
3.8000000000000035E-4,3.04060290198578E-5
3.9000000000000037E-4,3.1494543226989576E-5
4.000000000000004E-4,3.317267235377142E-5
4.100000000000004E-4,3.399912748524562E-5
4.2000000000000045E-4,3.458144733390908E-5
4.300000000000005E-4,3.5422907776350896E-5
4.400000000000005E-4,3.6312665201549416E-5
4.5000000000000053E-4,3.711897311709681E-5
4.6000000000000056E-4,3.791971670057333E-5
4.700000000000006E-4,3.831841646759963E-5
4.800000000000006E-4,3.84167225956859E-5
4.900000000000006E-4,3.8400897958054354E-5
5.000000000000007E-4,3.855626618173678E-5
5.100000000000007E-4,3.9115537471946385E-5
5.200000000000007E-4,4.029312914845412E-5
5.300000000000007E-4,4.17053656249707E-5
5.400000000000008E-4,4.314804290687348E-5
5.500000000000008E-4,4.428464324411383E-5
5.600000000000008E-4,4.4842678616907E-5
5.700000000000008E-4,4.5791597877382594E-5
5.800000000000009E-4,4.6001802404173984E-5
5.900000000000009E-4,4.6329448610062384E-5
6.000000000000009E-4,4.547225644778969E-5
6.10000000000001E-4,4.619178044193363E-5
6.20000000000001E-4,4.728128837308309E-5
6.30000000000001E-4,4.834074905224315E-5
6.40000000000001E-4,4.918047453136014E-5
6.500000000000011E-4,5.11368304513949E-5
6.600000000000011E-4,5.143646375424538E-5
6.700000000000011E-4,5.204250558370434E-5
6.800000000000011E-4,5.2512872522487286E-5
6.900000000000012E-4,5.345897929385235E-5
7.000000000000012E-4,5.493168488670282E-5
7.100000000000012E-4,5.654085242013403E-5
7.200000000000012E-4,5.785552948423822E-5
7.300000000000013E-4,5.9084556114807055E-5
7.400000000000013E-4,6.024369015894296E-5
7.500000000000013E-4,6.171205038402445E-5
7.600000000000013E-4,6.360225745928057E-5
7.700000000000014E-4,6.540055762849586E-5
7.800000000000014E-4,6.703068358935506E-5
7.900000000000014E-4,6.810204933877858E-5
8.000000000000014E-4,6.900479229810355E-5
8.100000000000015E-4,6.990565025314728E-5
8.200000000000015E-4,7.134382658773433E-5
8.300000000000015E-4,7.28614435589258E-5
8.400000000000016E-4,7.44382290164882E-5
8.500000000000016E-4,7.593980607619333E-5
8.600000000000016E-4,7.726327833414682E-5
8.700000000000016E-4,7.84078030308884E-5
8.800000000000017E-4,7.94153811810631E-5
8.900000000000017E-4,8.080238168938277E-5
9.000000000000017E-4,8.258244275935362E-5
9.100000000000017E-4,8.448337732347751E-5
9.200000000000018E-4,8.645581973572687E-5
9.300000000000018E-4,8.814933711908773E-5
9.400000000000018E-4,8.960925201211783E-5
9.500000000000018E-4,9.071594561155767E-5
9.600000000000019E-4,9.154520909660312E-5
9.700000000000019E-4,9.276264168661155E-5
9.80000000000002E-4,9.441409587667264E-5
9.90000000000002E-4,9.640051763547323E-5
0.001000000000000002,9.847757044335256E-5
0.001010000000000002,1.003977076926136E-4
0.001020000000000002,1.020131545843659E-4
0.001030000000000002,1.0347370265532984E-4
0.001040000000000002,1.050669583320097E-4
0.001050000000000002,1.0702821574771344E-4
0.0010600000000000021,1.0912653555139796E-4
0.0010700000000000022,1.1117251230303002E-4
0.0010800000000000022,1.1323713123263454E-4
0.0010900000000000022,1.1506039087870745E-4
0.0011000000000000022,1.1665896260200701E-4
0.0011100000000000023,1.180287288183099E-4
0.0011200000000000023,1.1932795512335652E-4
0.0011300000000000023,1.2079775042020051E-4
0.0011400000000000023,1.2247624642271776E-4
0.0011500000000000024,1.243409209959341E-4
0.0011600000000000024,1.2686492349509886E-4
0.0011700000000000024,1.2863907737433158E-4
0.0011800000000000024,1.305976570504563E-4
0.0011900000000000025,1.3320655579485556E-4
0.0012000000000000025,1.3464719111968093E-4
0.0012100000000000025,1.3601144968778143E-4
0.0012200000000000025,1.3745574630046663E-4
0.0012300000000000026,1.3904053549952108E-4
0.0012400000000000026,1.4053224722790396E-4
0.0012500000000000026,1.4212855211353666E-4
0.0012600000000000027,1.435426109477557E-4
0.0012700000000000027,1.4478682948103452E-4
0.0012800000000000027,1.46042218918552E-4
0.0012900000000000027,1.4731266421400468E-4
0.0013000000000000028,1.48499666036868E-4
0.0013100000000000028,1.49808108318919E-4
0.0013200000000000028,1.5106971048865645E-4
0.0013300000000000028,1.523851570415843E-4
0.0013400000000000029,1.5406690561300398E-4
0.0013500000000000029,1.55860615794126E-4
0.001360000000000003,1.5772742984394446E-4
0.001370000000000003,1.5954168940738957E-4
0.001380000000000003,1.6094684573762682E-4
0.001390000000000003,1.623934575419243E-4
0.001400000000000003,1.6375065194209953E-4
0.001410000000000003,1.6505768355057034E-4
0.001420000000000003,1.660430712901695E-4
0.001430000000000003,1.6687998458408157E-4
0.0014400000000000031,1.6815327625506268E-4
0.0014500000000000032,1.6913944416075408E-4
0.0014600000000000032,1.7050773201832443E-4
0.0014700000000000032,1.7191611192866345E-4
0.0014800000000000032,1.736115650722119E-4
0.0014900000000000033,1.7511814431146215E-4
0.0015000000000000033,1.7632479486656783E-4
0.0015100000000000033,1.7728498546218277E-4
0.0015200000000000033,1.7805137107803604E-4
0.0015300000000000034,1.7905338595564034E-4
0.0015400000000000034,1.8030469440440732E-4
0.0015500000000000034,1.8154585275589397E-4
0.0015600000000000034,1.82872223290659E-4
0.0015700000000000035,1.8422767237026694E-4
0.0015800000000000035,1.8533347755390477E-4
0.0015900000000000035,1.8645125755252073E-4
0.0016000000000000035,1.872909964534847E-4
0.0016100000000000036,1.8819043987648812E-4
0.0016200000000000036,1.8948449128776713E-4
0.0016300000000000036,1.9088315613059945E-4
0.0016400000000000037,1.9174215014466535E-4
0.0016500000000000037,1.9272551921160365E-4
0.0016600000000000037,1.9376384302811185E-4
0.0016700000000000037,1.9483482463793174E-4
0.0016800000000000038,1.9584121759960526E-4
0.0016900000000000038,1.973912475697184E-4
0.0017000000000000038,1.9874097159984155E-4
0.0017100000000000038,1.9955831940240726E-4
0.0017200000000000039,2.0057176114404485E-4
0.0017300000000000039,2.0105329858357402E-4
0.001740000000000004,2.01471477475159E-4
0.001750000000000004,2.0217505225407972E-4
0.001760000000000004,2.0266772712385588E-4
0.001770000000000004,2.0403428828461782E-4
0.001780000000000004,2.0541467255705647E-4
0.001790000000000004,2.0686991420854886E-4
0.001800000000000004,2.0716206186215363E-4
0.001810000000000004,2.0738053013618081E-4
0.0018200000000000041,2.078554139477214E-4
0.0018300000000000041,2.0847448558809623E-4
0.0018400000000000042,2.094829762330565E-4
0.0018500000000000042,2.1104752958078798E-4
0.0018600000000000042,2.126884856231555E-4
0.0018700000000000043,2.1318118652078645E-4
0.0018800000000000043,2.1374020461561348E-4
0.0018900000000000043,2.1450308401805467E-4
0.0019000000000000043,2.1533188354458117E-4
0.0019100000000000044,2.1666297436546077E-4
0.0019200000000000044,2.1804555916281703E-4
0.0019300000000000044,2.1903658196595935E-4
0.0019400000000000044,2.2021088428624274E-4
0.0019500000000000045,2.211145941170202E-4
0.0019600000000000043,2.213967853280863E-4
0.0019700000000000043,2.214686631451084E-4
0.0019800000000000043,2.213498511085967E-4
0.0019900000000000044,2.2186952392096483E-4
0.0020000000000000044,2.2284162322962957E-4
0.0020100000000000044,2.238582499227007E-4
0.0020200000000000044,2.2424445290578041E-4
0.0020300000000000045,2.2454035376620612E-4
0.0020400000000000045,2.2483433485986527E-4
0.0020500000000000045,2.262766412090492E-4
0.0020600000000000045,2.2773740671340112E-4
0.0020700000000000046,2.3008433390127222E-4
0.0020800000000000046,2.3139060737404138E-4
0.0020900000000000046,2.3220615522768085E-4
0.0021000000000000046,2.3270569318752506E-4
0.0021100000000000047,2.3286489301135732E-4
0.0021200000000000047,2.3323968829855443E-4
0.0021300000000000047,2.3484907148581624E-4
0.0021400000000000047,2.3748070147355877E-4
0.0021500000000000048,2.37935323473365E-4
0.002160000000000005,2.3864277046849587E-4
0.002170000000000005,2.3939198051600973E-4
0.002180000000000005,2.3986369160008633E-4
0.002190000000000005,2.4038909469550817E-4
0.002200000000000005,2.422692891320552E-4
0.002210000000000005,2.436225307558983E-4
0.002220000000000005,2.454122057379716E-4
0.002230000000000005,2.4573306040093944E-4
0.002240000000000005,2.4594902725636657E-4
0.002250000000000005,2.4614591314673024E-4
0.002260000000000005,2.474260884296563E-4
0.002270000000000005,2.5078545433781016E-4
0.002280000000000005,2.519522996115964E-4
0.002290000000000005,2.528546367226933E-4
0.002300000000000005,2.538645712671683E-4
0.002310000000000005,2.550890883686814E-4
0.0023200000000000052,2.570410033029361E-4
0.0023300000000000052,2.5890910216114205E-4
0.0023400000000000053,2.6095020967568174E-4
0.0023500000000000053,2.6293223113783615E-4
0.0023600000000000053,2.648478650529127E-4
0.0023700000000000053,2.660411449723505E-4
0.0023800000000000054,2.680889672194294E-4
0.0023900000000000054,2.713511237982646E-4
0.0024000000000000054,2.7318047772283583E-4
0.0024100000000000055,2.7431722470543974E-4
0.0024200000000000055,2.753255708277912E-4
0.0024300000000000055,2.7667513545578276E-4
0.0024400000000000055,2.7879392866679597E-4
0.0024500000000000056,2.8114791814282813E-4
0.0024600000000000056,2.8336239640637024E-4
0.0024700000000000056,2.8533137337428E-4
0.0024800000000000056,2.869121670834826E-4
0.0024900000000000057,2.8821254244842E-4
0.0025000000000000057,2.890177797670827E-4
0.0025100000000000057,2.8986867119328854E-4
0.0025200000000000057,2.9148116097623024E-4
0.0025300000000000058,2.947039958904828E-4
0.002540000000000006,2.973414503976236E-4
0.002550000000000006,2.9925822858961555E-4
0.002560000000000006,3.012434621934169E-4
0.002570000000000006,3.0338326770909307E-4
0.002580000000000006,3.0632778701700805E-4
0.002590000000000006,3.07940813038112E-4
0.002600000000000006,3.0986007077421864E-4
0.002610000000000006,3.119510865732703E-4
0.002620000000000006,3.1434260527948745E-4
0.002630000000000006,3.162727241441283E-4
0.002640000000000006,3.176452243476435E-4
0.002650000000000006,3.1913143945243045E-4
0.002660000000000006,3.207577760443827E-4
0.002670000000000006,3.2328368839101927E-4
0.002680000000000006,3.253864353727187E-4
0.002690000000000006,3.2736647339702546E-4
0.002700000000000006,3.297392270362007E-4
0.0027100000000000062,3.315802503496451E-4
0.0027200000000000063,3.335211633233529E-4
0.0027300000000000063,3.3565744393117145E-4
0.0027400000000000063,3.3797961340853287E-4
0.0027500000000000063,3.4047139057347993E-4
0.0027600000000000064,3.430233115114485E-4
0.0027700000000000064,3.4563878045000876E-4
0.0027800000000000064,3.4800760924250806E-4
0.0027900000000000065,3.49841572856055E-4
0.0028000000000000065,3.5209606375928224E-4
0.0028100000000000065,3.54481721591511E-4
0.0028200000000000065,3.5645506379556674E-4
0.0028300000000000066,3.5902732130559773E-4
0.0028400000000000066,3.6067474493642327E-4
0.0028500000000000066,3.6223219190007616E-4
0.0028600000000000066,3.643880637238021E-4
0.0028700000000000067,3.666466659318973E-4
0.0028800000000000067,3.688083081364168E-4
0.0028900000000000067,3.711558822756186E-4
0.0029000000000000067,3.7358870679795453E-4
0.0029100000000000068,3.7678423907413155E-4
0.002920000000000007,3.797999790791162E-4
0.002930000000000007,3.823322022329698E-4
0.002940000000000007,3.8493216432865257E-4
0.002950000000000007,3.873316809459452E-4
0.002960000000000007,3.893175546129289E-4
0.002970000000000007,3.9098926628369795E-4
0.002980000000000007,3.924258494098805E-4
0.002990000000000007,3.947857233217847E-4
0.003000000000000007,3.9873732090688383E-4
0.003010000000000007,4.013842620413658E-4
0.003020000000000007,4.0431356555927937E-4
0.003030000000000007,4.0693743647917584E-4
0.003040000000000007,4.091265890713429E-4
0.003050000000000007,4.1201903210911887E-4
0.003060000000000007,4.143937438894402E-4
0.003070000000000007,4.168966925798167E-4
0.003080000000000007,4.19290058795555E-4
0.0030900000000000072,4.2110756148371444E-4
0.0031000000000000073,4.2264496927740206E-4
0.0031100000000000073,4.243495603387663E-4
0.0031200000000000073,4.258714700139972E-4
0.0031300000000000073,4.2791412556053164E-4
0.0031400000000000074,4.300013703138867E-4
0.0031500000000000074,4.326488732982988E-4
0.0031600000000000074,4.3559718737808996E-4
0.0031700000000000074,4.392934011774793E-4
0.0031800000000000075,4.429055067123759E-4
0.0031900000000000075,4.456261545259111E-4
0.0032000000000000075,4.476679011359002E-4
0.0032100000000000076,4.4976243017576896E-4
0.0032200000000000076,4.518825403221903E-4
0.0032300000000000076,4.5463334590283315E-4
0.0032400000000000076,4.573120914937327E-4
0.0032500000000000077,4.6056735553433363E-4
0.0032600000000000077,4.625000311198732E-4
0.0032700000000000077,4.645132787276364E-4
0.0032800000000000077,4.666026505616429E-4
0.0032900000000000078,4.68769698199431E-4
0.003300000000000008,4.708430383234837E-4
0.003310000000000008,4.733197114154903E-4
0.003320000000000008,4.7664253891202015E-4
0.003330000000000008,4.7999251751618924E-4
0.003340000000000008,4.821558357996031E-4
0.003350000000000008,4.8469150339827173E-4
0.003360000000000008,4.8699276440797247E-4
0.003370000000000008,4.893232585671881E-4
0.003380000000000008,4.916375715380392E-4
0.003390000000000008,4.950358498600083E-4
0.003400000000000008,4.982067359555874E-4
0.003410000000000008,5.010365569988361E-4
0.003420000000000008,5.04323318981175E-4
0.003430000000000008,5.067896192283291E-4
0.003440000000000008,5.095031436276401E-4
0.003450000000000008,5.119535436864063E-4
0.003460000000000008,5.144327154529109E-4
0.0034700000000000082,5.169649605599578E-4
0.0034800000000000083,5.189636920273546E-4
0.0034900000000000083,5.206045792328834E-4
0.0035000000000000083,5.223930478682416E-4
0.0035100000000000083,5.257832612866977E-4
0.0035200000000000084,5.297244754685203E-4
0.0035300000000000084,5.3318265588016E-4
0.0035400000000000084,5.360082854361154E-4
0.0035500000000000084,5.384739219263935E-4
0.0035600000000000085,5.404999447053022E-4
0.0035700000000000085,5.424113549375393E-4
0.0035800000000000085,5.445111746095372E-4
0.0035900000000000085,5.47412451500265E-4
0.0036000000000000086,5.50124513447274E-4
0.0036100000000000086,5.527177895958241E-4
0.0036200000000000086,5.555602151672973E-4
0.0036300000000000087,5.581132848325328E-4
0.0036400000000000087,5.606395845294467E-4
0.0036500000000000087,5.631060766945895E-4
0.0036600000000000087,5.647763412712176E-4
0.0036700000000000088,5.667144483857376E-4
0.003680000000000009,5.693922526317681E-4
0.003690000000000009,5.729524779722657E-4
0.003700000000000009,5.772226387675416E-4
0.003710000000000009,5.804496118928402E-4
0.003720000000000009,5.834619345796262E-4
0.003730000000000009,5.859343750558096E-4
0.003740000000000009,5.881179396807057E-4
0.003750000000000009,5.897082941229327E-4
0.003760000000000009,5.91094668317713E-4
0.003770000000000009,5.932282851833572E-4
0.003780000000000009,5.955698899500518E-4
0.003790000000000009,5.976369739457281E-4
0.003800000000000009,6.002330980219153E-4
0.003810000000000009,6.035865122447959E-4
0.003820000000000009,6.069044537192767E-4
0.003830000000000009,6.09086172659983E-4
0.003840000000000009,6.115329829077108E-4
0.0038500000000000092,6.14483107909884E-4
0.0038600000000000093,6.173809342712181E-4
0.0038700000000000093,6.200154804808276E-4
0.0038800000000000093,6.223045091219684E-4
0.0038900000000000093,6.246626331890376E-4
0.0039000000000000094,6.272130800461865E-4
0.003910000000000009,6.309318576054938E-4
0.0039200000000000085,6.337945875487167E-4
0.003930000000000008,6.360925487499159E-4
0.003940000000000008,6.386068180399447E-4
0.003950000000000007,6.412133606590742E-4
0.003960000000000007,6.441166802882281E-4
0.0039700000000000065,6.467644406757309E-4
0.003980000000000006,6.490915880565727E-4
0.003990000000000006,6.517713181378897E-4
0.004000000000000005,6.551636681544582E-4
0.004010000000000005,6.575055741332156E-4
0.0040200000000000045,6.600564472723475E-4
0.004030000000000004,6.624220461019704E-4
0.004040000000000004,6.646945030127195E-4
0.004050000000000003,6.669523737739517E-4
0.004060000000000003,6.687671197562808E-4
0.0040700000000000024,6.713663283696737E-4
0.004080000000000002,6.742490257335241E-4
0.004090000000000002,6.76984217693187E-4
0.004100000000000001,6.805274450786285E-4
0.004110000000000001,6.830836443949663E-4
0.00412,6.849895712838382E-4
0.00413,6.874521102986029E-4
0.00414,6.892672914919074E-4
0.004149999999999999,6.920074436762353E-4
0.004159999999999999,6.94277272011137E-4
0.004169999999999998,6.974582369147035E-4
0.004179999999999998,7.010153315364788E-4
0.0041899999999999975,7.032607648720042E-4
0.004199999999999997,7.060967160475865E-4
0.004209999999999997,7.106104659654947E-4
0.004219999999999996,7.129303267313981E-4
0.004229999999999996,7.145628949877145E-4
0.0042399999999999955,7.158903948263303E-4
0.004249999999999995,7.172354854784372E-4
0.004259999999999995,7.19605589598243E-4
0.004269999999999994,7.223435567111141E-4
0.004279999999999994,7.245436589160684E-4
0.0042899999999999935,7.276617377930802E-4
0.004299999999999993,7.310539921862273E-4
0.004309999999999993,7.341945809176182E-4
0.004319999999999992,7.367879051387014E-4
0.004329999999999992,7.39605868763647E-4
0.0043399999999999914,7.421394206797326E-4
0.004349999999999991,7.444605040548816E-4
0.004359999999999991,7.470235795418134E-4
0.00436999999999999,7.493233704844518E-4
0.00437999999999999,7.514223228435622E-4
0.004389999999999989,7.542931233866951E-4
0.004399999999999989,7.579202616323897E-4
0.004409999999999989,7.610230132018883E-4
0.004419999999999988,7.637932001631955E-4
0.004429999999999988,7.658110600197262E-4
0.004439999999999987,7.676852366612749E-4
0.004449999999999987,7.70159669937811E-4
0.0044599999999999865,7.728288847475936E-4
0.004469999999999986,7.751401659642199E-4
0.004479999999999986,7.784095550501938E-4
0.004489999999999985,7.803473930658323E-4
0.004499999999999985,7.841178100896487E-4
0.0045099999999999845,7.871620112312082E-4
0.004519999999999984,7.893381339522617E-4
0.004529999999999984,7.915729213284587E-4
0.004539999999999983,7.934892126489272E-4
0.004549999999999983,7.965365102691681E-4
0.0045599999999999825,7.998001553279734E-4
0.004569999999999982,8.022806711971731E-4
0.004579999999999982,8.041321130367586E-4
0.004589999999999981,8.089641313991458E-4
0.004599999999999981,8.111473560727661E-4
0.00460999999999998,8.138342318260879E-4
0.00461999999999998,8.163727823198076E-4
0.00462999999999998,8.190425354847195E-4
0.004639999999999979,8.216424824215811E-4
0.004649999999999979,8.239781523193028E-4
0.004659999999999978,8.266206533465101E-4
0.004669999999999978,8.304060982999467E-4
0.004679999999999978,8.337584126483516E-4
0.004689999999999977,8.378210480770688E-4
0.004699999999999977,8.397922981697336E-4
0.004709999999999976,8.413636931925616E-4
0.004719999999999976,8.433128315767016E-4
0.0047299999999999755,8.459907631588773E-4
0.004739999999999975,8.492063870082064E-4
0.004749999999999975,8.522881724433921E-4
0.004759999999999974,8.578372551290137E-4
0.004769999999999974,8.607173425644039E-4
0.0047799999999999735,8.628532222806305E-4
0.004789999999999973,8.64237378976735E-4
0.004799999999999973,8.651853300354234E-4
0.004809999999999972,8.667050257565855E-4
0.004819999999999972,8.689112194670071E-4
0.0048299999999999715,8.72139924023544E-4
0.004839999999999971,8.757090533642769E-4
0.004849999999999971,8.80839196259153E-4
0.00485999999999997,8.844017385371659E-4
0.00486999999999997,8.873485932363406E-4
0.004879999999999969,8.901055354236631E-4
0.004889999999999969,8.922778161506835E-4
0.004899999999999969,8.942532099846805E-4
0.004909999999999968,8.970980829740923E-4
0.004919999999999968,8.998786775325124E-4
0.004929999999999967,9.028187728151548E-4
0.004939999999999967,9.05788304293534E-4
0.004949999999999967,9.08800013546479E-4
0.004959999999999966,9.121489099490136E-4
0.004969999999999966,9.157765583775519E-4
0.004979999999999965,9.185362754557563E-4
0.004989999999999965,9.211368583954601E-4
0.0049999999999999645,9.227820277221084E-4
0.005009999999999964,9.242025530855847E-4
0.005019999999999964,9.26350207356077E-4
0.005029999999999963,9.312519779589096E-4
0.005039999999999963,9.3562939860428E-4
0.0050499999999999625,9.385981137211563E-4
0.005059999999999962,9.411918274526957E-4
0.005069999999999962,9.436678606478786E-4
0.005079999999999961,9.463788870991561E-4
0.005089999999999961,9.501700668759535E-4
0.0050999999999999605,9.523777916950509E-4
0.00510999999999996,9.560606379152801E-4
0.00511999999999996,9.591655441919352E-4
0.005129999999999959,9.617855675696212E-4
0.005139999999999959,9.647643514168198E-4
0.005149999999999958,9.672429970779696E-4
0.005159999999999958,9.698539680284437E-4
0.005169999999999958,9.726433303715376E-4
0.005179999999999957,9.754521516589192E-4
0.005189999999999957,9.785085750115114E-4
0.005199999999999956,9.828261896252036E-4
0.005209999999999956,9.863108150667311E-4
0.005219999999999956,9.899360399850678E-4
0.005229999999999955,9.929747203092844E-4
0.005239999999999955,9.95373715759481E-4
0.005249999999999954,9.976196595297938E-4
0.005259999999999954,9.997331416097012E-4
0.0052699999999999535,0.0010024220920894047
0.005279999999999953,0.0010042123676150048
0.005289999999999953,0.0010079753931019372
0.005299999999999952,0.00101085939418613
0.005309999999999952,0.0010141068388714854
0.0053199999999999515,0.0010167244916491139
0.005329999999999951,0.0010202018298836836
0.005339999999999951,0.0010223982557227517
0.00534999999999995,0.0010254871113775607
0.00535999999999995,0.0010286460921221238
0.0053699999999999495,0.0010332779084791682
0.005379999999999949,0.001037604409034204
0.005389999999999949,0.0010403967892684506
0.005399999999999948,0.0010422549021910402
0.005409999999999948,0.0010436061030732844
0.005419999999999947,0.0010451089869850914
0.005429999999999947,0.001047927228038523
0.005439999999999947,0.0010498118018555376
0.005449999999999946,0.0010529924308115845
0.005459999999999946,0.001057317082282263
0.005469999999999945,0.0010621137309123113
0.005479999999999945,0.001065797989975015
0.005489999999999945,0.0010692043448834116
0.005499999999999944,0.001071526657666135
0.005509999999999944,0.0010738452358859505
0.005519999999999943,0.0010760927185255729
0.005529999999999943,0.001078759545949683
0.0055399999999999425,0.0010828228208694633
0.005549999999999942,0.0010877862152967478
0.005559999999999942,0.0010911119305627426
0.005569999999999941,0.0010942574244287321
0.005579999999999941,0.0010971071597947514
0.0055899999999999405,0.001099334442687252
0.00559999999999994,0.0011019147577816515
0.00560999999999994,0.001105037841352873
0.005619999999999939,0.0011074504697847387
0.005629999999999939,0.001111121595099459
0.0056399999999999385,0.0011146979237631064
0.005649999999999938,0.0011180356114344724
0.005659999999999938,0.00112040446679391
0.005669999999999937,0.001123578645149065
0.005679999999999937,0.001125799142654243
0.005689999999999936,0.0011288892497827907
0.005699999999999936,0.0011334077054868511
0.005709999999999936,0.0011375771383226774
0.005719999999999935,0.0011405658938763268
0.005729999999999935,0.0011431051683364732
0.005739999999999934,0.0011452288978376613
0.005749999999999934,0.0011481227330342677
0.005759999999999934,0.0011512289397973613
0.005769999999999933,0.00115447914095763
0.005779999999999933,0.001157403064422624
0.005789999999999932,0.001160494621133638
0.005799999999999932,0.0011647200288630096
0.0058099999999999315,0.0011678323447040697
0.005819999999999931,0.001170952638103793
0.005829999999999931,0.001173423515717418
0.00583999999999993,0.0011763383255688805
0.00584999999999993,0.0011801784429916733
0.0058599999999999295,0.0011832419882481788
0.005869999999999929,0.001188015647379125
0.005879999999999929,0.0011911815058587168
0.005889999999999928,0.0011942062378807485
0.005899999999999928,0.0011977430783213382
0.0059099999999999275,0.0012012486861076247
0.005919999999999927,0.001204895106064329
0.005929999999999927,0.001208663761274242
0.005939999999999926,0.0012111254764730491
0.005949999999999926,0.0012137801909828212
0.005959999999999925,0.0012158562171930435
0.005969999999999925,0.0012184069176145338
0.005979999999999925,0.0012223343406791995
0.005989999999999924,0.0012244737398909005
0.005999999999999924,0.0012273108637378476
0.006009999999999923,0.0012301061449902107
0.006019999999999923,0.0012333388223796742
0.006029999999999923,0.0012365649939438455
0.006039999999999922,0.001239930651372046
0.006049999999999922,0.0012432558205075306
0.006059999999999921,0.0012471327138846129
0.006069999999999921,0.0012516788641331047
0.0060799999999999205,0.0012559548007380873
0.00608999999999992,0.0012589042714286364
0.00609999999999992,0.0012618151350550586
0.006109999999999919,0.0012635775697503312
0.006119999999999919,0.0012650922239858071
0.0061299999999999185,0.0012679467852314845
0.006139999999999918,0.0012699973474302043
0.006149999999999918,0.001274038762639536
0.006159999999999917,0.001277232938167102
0.006169999999999917,0.001280175134717831
0.0061799999999999165,0.0012828229868117325
0.006189999999999916,0.001285546533611721
0.006199999999999916,0.0012895711595047685
0.006209999999999915,0.0012948566676683866
0.006219999999999915,0.0012982527603903169
0.006229999999999914,0.0013017931300341606
0.006239999999999914,0.0013052774698361534
0.006249999999999914,0.001308853933250705
0.006259999999999913,0.001311564263618715
0.006269999999999913,0.00131420431342393
0.006279999999999912,0.0013165400418750082
0.006289999999999912,0.0013181850697284306
0.006299999999999912,0.0013202062222394013
0.006309999999999911,0.001322732975378294
0.006319999999999911,0.001326272056783569
0.00632999999999991,0.001329639023798863
0.00633999999999991,0.001333022440278396
0.0063499999999999095,0.001335928032029347
0.006359999999999909,0.0013393286376621905
0.006369999999999909,0.0013437552645107534
0.006379999999999908,0.001347686440209498
0.006389999999999908,0.0013520746455288838
0.0063999999999999075,0.0013571503509129197
0.006409999999999907,0.0013612227512562918
0.006419999999999907,0.0013635913577978037
0.006429999999999906,0.001365016965410469
0.006439999999999906,0.0013662724847381274
0.0064499999999999055,0.001368570110116602
0.006459999999999905,0.0013707585310538948
0.006469999999999905,0.0013735346509658598
0.006479999999999904,0.0013768855357271467
0.006489999999999904,0.0013806015719762814
0.006499999999999903,0.0013855559602723125
0.006509999999999903,0.001388759144560757
0.006519999999999903,0.0013916372342884433
0.006529999999999902,0.0013942554347351264
0.006539999999999902,0.0013973313431135538
0.006549999999999901,0.0014001384458158862
0.006559999999999901,0.001403353816781628
0.006569999999999901,0.0014087141894008448
0.0065799999999999,0.001412085639981406
0.0065899999999999,0.0014148230303476195
0.006599999999999899,0.0014177765866778577
0.006609999999999899,0.0014205026646647934
0.0066199999999998985,0.001423144998472373
0.006629999999999898,0.0014265199013128367
0.006639999999999898,0.0014306249273074035
0.006649999999999897,0.0014351162273663572
0.006659999999999897,0.0014394972791379715
0.0066699999999998965,0.0014412753219649565
0.006679999999999896,0.001443238170524082
0.006689999999999896,0.0014447948763941724
0.006699999999999895,0.0014469408892087148
0.006709999999999895,0.0014497664804793008
0.0067199999999998945,0.001453925552763582
0.006729999999999894,0.00145872333542091
0.006739999999999894,0.001462570956109193
0.006749999999999893,0.0014660628681257286
0.006759999999999893,0.0014697201661917091
0.006769999999999892,0.0014722418030546445
0.006779999999999892,0.0014750299489427966
0.006789999999999892,0.0014790928794084705
0.006799999999999891,0.001483803077195281
0.006809999999999891,0.0014856661939207914
0.00681999999999989,0.0014877439237335338
0.00682999999999989,0.0014904610999558828
0.00683999999999989,0.001493512606527854
0.006849999999999889,0.0014964015980163453
0.006859999999999889,0.0014996218883461254
0.006869999999999888,0.0015034109620184674
0.006879999999999888,0.001506608816515436
0.0068899999999998875,0.0015089392509954904
0.006899999999999887,0.0015113952027505442
0.006909999999999887,0.0015147573095587604
0.006919999999999886,0.0015186442472621287
0.006929999999999886,0.0015215787618868605
0.0069399999999998855,0.0015251688818320162
0.006949999999999885,0.0015288022991365236
0.006959999999999885,0.0015319110092479034
0.006969999999999884,0.0015347370218297006
0.006979999999999884,0.0015375311069921096
0.0069899999999998835,0.001541479402929603
0.006999999999999883,0.0015458455583161283
0.007009999999999883,0.0015496294456152835
0.007019999999999882,0.0015539486670899496
0.007029999999999882,0.0015569111152696153
0.007039999999999881,0.0015594241570245305
0.007049999999999881,0.0015623788971741962
0.007059999999999881,0.0015664370089889259
0.00706999999999988,0.0015706915676007606
0.00707999999999988,0.001574362977374228
0.007089999999999879,0.0015779415088358723
0.007099999999999879,0.001582012893116074
0.007109999999999879,0.0015858228588718612
0.007119999999999878,0.001588420066932249
0.007129999999999878,0.001591311812238845
0.007139999999999877,0.0015938770401893226
0.007149999999999877,0.0015962768098870144
0.0071599999999998765,0.0015991009097925811
0.007169999999999876,0.0016020112368151007
0.007179999999999876,0.0016051145479989818
0.007189999999999875,0.0016081090915209884
0.007199999999999875,0.0016105896964167426
0.0072099999999998745,0.001614219578401788
0.007219999999999874,0.0016182604293398012
0.007229999999999874,0.0016219545426367993
0.007239999999999873,0.0016252596403438626
0.007249999999999873,0.0016286557143214656
0.0072599999999998725,0.0016321284682517946
0.007269999999999872,0.0016352531320164105
0.007279999999999872,0.001638863067325389
0.007289999999999871,0.0016412103319513127
0.007299999999999871,0.0016430994288682877
0.00730999999999987,0.0016451413705554914
0.00731999999999987,0.0016475949563072335
0.00732999999999987,0.0016523533500704783
0.007339999999999869,0.001656552637113306
0.007349999999999869,0.0016597225413292104
0.007359999999999868,0.0016624579823383498
0.007369999999999868,0.0016659529389664717
0.007379999999999868,0.0016686713835359548
0.007389999999999867,0.0016721755311646087
0.007399999999999867,0.001676444058580547
0.007409999999999866,0.0016794201717981996
0.007419999999999866,0.0016837793340829543
0.0074299999999998655,0.0016868905268396705
0.007439999999999865,0.0016894761057991612
0.007449999999999865,0.0016917599514964597
0.007459999999999864,0.001696397843502645
0.007469999999999864,0.0016989088821260196
0.0074799999999998635,0.0017027293662195205
0.007489999999999863,0.0017064832367815453
0.007499999999999863,0.0017093996019581163
0.007509999999999862,0.0017131555020026329
0.007519999999999862,0.0017172696432762296
0.0075299999999998615,0.0017209334303416508
0.007539999999999861,0.0017237506727707857
0.007549999999999861,0.001727242923327943
0.00755999999999986,0.0017302720185105394
0.00756999999999986,0.0017342596348958216
0.007579999999999859,0.001736953434361372
0.007589999999999859,0.0017402591002204802
0.007599999999999859,0.0017425165424291833
0.007609999999999858,0.0017451648323983202
0.007619999999999858,0.0017481893510484085
0.007629999999999857,0.0017518962335786427
0.007639999999999857,0.0017562481753209361
0.007649999999999857,0.0017594370313992983
0.007659999999999856,0.0017621419270548607
0.007669999999999856,0.0017662045152651465
0.007679999999999855,0.0017688276695078298
0.007689999999999855,0.001771399694739707
0.0076999999999998545,0.0017751666654852085
0.007709999999999854,0.0017797500372580817
0.007719999999999854,0.001783916832408819
0.007729999999999853,0.0017877442371946263
0.007739999999999853,0.0017912910247717374
0.0077499999999998525,0.001793578002826023
0.007759999999999852,0.0017960124490117508
0.007769999999999852,0.0017978330917151396
0.007779999999999851,0.0018005231937314333
0.007789999999999851,0.0018048573343806996
0.0077999999999998505,0.0018087711018778966
0.00780999999999985,0.0018123995110170112
0.00781999999999985,0.0018165371305277043
0.00782999999999985,0.0018208561557740547
0.007839999999999849,0.0018241455316475657
0.007849999999999848,0.001826946067318573
0.007859999999999848,0.0018292495694911218
0.007869999999999848,0.001831929632165877
0.007879999999999847,0.0018348401077144453
0.007889999999999847,0.0018376842166157386
0.007899999999999846,0.001840564030920194
0.007909999999999846,0.0018439568883948097
0.007919999999999846,0.0018482063787187623
0.007929999999999845,0.0018513341352336
0.007939999999999845,0.0018545518463882304
0.007949999999999844,0.0018581919338162727
0.007959999999999844,0.0018617168873554
0.007969999999999844,0.0018654729547080558
0.007979999999999843,0.0018689746008467237
0.007989999999999843,0.0018714482005591105
0.007999999999999842,0.0018742124469639306
0.008009999999999842,0.0018783217628634736
0.008019999999999841,0.0018814056256791427
0.008029999999999841,0.00188433454242487
0.00803999999999984,0.0018875952072310903
0.00804999999999984,0.0018912590955352398
0.00805999999999984,0.0018947555282611034
0.00806999999999984,0.0018977166446169581
0.008079999999999839,0.0019004591110917918
0.008089999999999839,0.0019041463732143056
0.008099999999999838,0.0019077471277505196
0.008109999999999838,0.0019123162863387462
0.008119999999999837,0.0019163298247038027
0.008129999999999837,0.0019191199750462269
0.008139999999999837,0.001921468089161215
0.008149999999999836,0.0019241280359432813
0.008159999999999836,0.0019265076466540153
0.008169999999999835,0.0019303188711214953
0.008179999999999835,0.0019352436043702198
0.008189999999999835,0.0019399181287899502
0.008199999999999834,0.0019433417348474283
0.008209999999999834,0.0019458880338483408
0.008219999999999833,0.0019484696299558318
0.008229999999999833,0.0019525866315928783
0.008239999999999833,0.001956623069805873
0.008249999999999832,0.0019602829956512856
0.008259999999999832,0.0019634046728278
0.008269999999999831,0.0019662695699114033
0.008279999999999831,0.001968808708415625
0.00828999999999983,0.0019715368888092053
0.00829999999999983,0.0019751542837828013
0.00830999999999983,0.001978690150882677
0.00831999999999983,0.0019821467633704707
0.008329999999999829,0.0019860656072548236
0.008339999999999828,0.0019918955903554894
0.008349999999999828,0.001994913958789498
0.008359999999999828,0.001997586940638979
0.008369999999999827,0.0020010429959796687
0.008379999999999827,0.002003699669024585
0.008389999999999826,0.0020061077530113044
0.008399999999999826,0.002008984235128253
0.008409999999999826,0.0020123963973813293
0.008419999999999825,0.00201615021674974
0.008429999999999825,0.002018987169675775
0.008439999999999824,0.002022007197344331
0.008449999999999824,0.002025028553677847
0.008459999999999824,0.0020290377873036034
0.008469999999999823,0.0020343975608742427
0.008479999999999823,0.0020383304453079135
0.008489999999999822,0.002041978038714434
0.008499999999999822,0.00204444365662276
0.008509999999999822,0.0020472594535269686
0.008519999999999821,0.0020500490560857757
0.00852999999999982,0.002053289778180935
0.00853999999999982,0.0020562817653026724
0.00854999999999982,0.002059891074732757
0.00855999999999982,0.0020637626707485897
0.008569999999999819,0.002067770274601396
0.008579999999999819,0.0020722310285539135
0.008589999999999818,0.00207562885054755
0.008599999999999818,0.0020780275349986167
0.008609999999999817,0.0020805086911185803
0.008619999999999817,0.0020840544830284945
0.008629999999999817,0.002088328355556435
0.008639999999999816,0.002092873130415078
0.008649999999999816,0.002096363881619865
0.008659999999999815,0.0021000305980331414
0.008669999999999815,0.0021022208099215015
0.008679999999999815,0.0021044258127528343
0.008689999999999814,0.002107599255307585
0.008699999999999814,0.0021113577160428135
0.008709999999999813,0.0021164140045993236
0.008719999999999813,0.002119992802292478
0.008729999999999813,0.002122744797961691
0.008739999999999812,0.0021257548929546743
0.008749999999999812,0.0021280365388896263
0.008759999999999811,0.0021313624037943625
0.008769999999999811,0.0021342250435568287
0.00877999999999981,0.00213765733686856
0.00878999999999981,0.0021420456600501
0.00879999999999981,0.0021455824500667144
0.00880999999999981,0.0021482463665066617
0.008819999999999809,0.0021507631568669166
0.008829999999999808,0.0021555899662187936
0.008839999999999808,0.002159163130080929
0.008849999999999808,0.002163297681281772
0.008859999999999807,0.0021668614103547493
0.008869999999999807,0.002170226469124679
0.008879999999999806,0.0021726007701150653
0.008889999999999806,0.0021751542784782117
0.008899999999999806,0.0021785726410195666
0.008909999999999805,0.0021824877300852456
0.008919999999999805,0.0021864412029205583
0.008929999999999804,0.002191223386299724
0.008939999999999804,0.0021948839723640186
0.008949999999999804,0.0021982623508651185
0.008959999999999803,0.0021999454160646363
0.008969999999999803,0.0022021323748400517
0.008979999999999802,0.002206619831422592
0.008989999999999802,0.002210082758426405
0.008999999999999802,0.002214087796528049
0.009009999999999801,0.0022161047323349236
0.0090199999999998,0.0022191655268013477
0.0090299999999998,0.002221548937528231
0.0090399999999998,0.002225417390001957
0.0090499999999998,0.00223042737061266
0.009059999999999799,0.0022341879056965645
0.009069999999999799,0.002238200610930763
0.009079999999999798,0.0022413514206212574
0.009089999999999798,0.0022443195142835496
0.009099999999999797,0.0022468806069677744
0.009109999999999797,0.0022500134004558017
0.009119999999999797,0.0022536984419302885
0.009129999999999796,0.002257995765184402
0.009139999999999796,0.0022622356914039437
0.009149999999999795,0.0022660469189531465
0.009159999999999795,0.0022703003912372005
0.009169999999999795,0.002273401539663341
0.009179999999999794,0.002275580278691744
0.009189999999999794,0.002278164679050456
0.009199999999999793,0.0022809881644183104
0.009209999999999793,0.002285809326081687
0.009219999999999793,0.0022895971639471054
0.009229999999999792,0.002292593129708587
0.009239999999999792,0.002296152612690401
0.009249999999999791,0.0022997267088246693
0.009259999999999791,0.0023042073486293597
0.00926999999999979,0.0023073697829914894
0.00927999999999979,0.0023100489715400575
0.00928999999999979,0.0023126543644989613
0.00929999999999979,0.0023153954977249707
0.009309999999999789,0.0023199854658589023
0.009319999999999789,0.002323134360904128
0.009329999999999788,0.002326526449501644
0.009339999999999788,0.0023301348269155306
0.009349999999999787,0.0023342705849859857
0.009359999999999787,0.0023389827971460825
0.009369999999999786,0.002342314834565976
0.009379999999999786,0.0023453895188808114
0.009389999999999786,0.0023477929425887154
0.009399999999999785,0.002350567833255443
0.009409999999999785,0.002353752544788162
0.009419999999999784,0.002357203406498621
0.009429999999999784,0.002361071737063674
0.009439999999999784,0.002365387626417113
0.009449999999999783,0.002369116362748215
0.009459999999999783,0.0023726237896313095
0.009469999999999782,0.002376425782427824
0.009479999999999782,0.0023794906079083705
0.009489999999999782,0.002382437466743912
0.009499999999999781,0.002386108880738977
0.00950999999999978,0.002390244806729454
0.00951999999999978,0.00239346804171853
0.00952999999999978,0.002397067965964743
0.00953999999999978,0.0024012954866279236
0.00954999999999978,0.002403096633772104
0.009559999999999779,0.0024055615798822486
0.009569999999999778,0.002409505741786044
0.009579999999999778,0.002413842086283866
0.009589999999999778,0.0024179239058053524
0.009599999999999777,0.0024216231539536353
0.009609999999999777,0.0024256498558207786
0.009619999999999776,0.0024287302003150025
0.009629999999999776,0.0024324777619314144
0.009639999999999775,0.0024356297931005326
0.009649999999999775,0.002439525121758433
0.009659999999999775,0.0024422310196866104
0.009669999999999774,0.0024454234852167456
0.009679999999999774,0.002448909193757224
0.009689999999999773,0.002452567800074964
0.009699999999999773,0.0024564213638846124
0.009709999999999773,0.002460524448118008
0.009719999999999772,0.0024648105605647595
0.009729999999999772,0.0024690642202086083
0.009739999999999771,0.0024721582843938972
0.009749999999999771,0.00247426356196872
0.00975999999999977,0.0024758564376968443
0.00976999999999977,0.002478343039749197
0.00977999999999977,0.0024813091700915148
0.00978999999999977,0.002486628716485257
0.009799999999999769,0.0024898250131777542
0.009809999999999769,0.0024936938573081224
0.009819999999999768,0.0024981359044213207
0.009829999999999768,0.002502144003890562
0.009839999999999767,0.0025069883508147925
0.009849999999999767,0.0025104575598642034
0.009859999999999767,0.002512988443231479
0.009869999999999766,0.002515814190674467
0.009879999999999766,0.0025176351662806115
0.009889999999999765,0.002522078056324601
0.009899999999999765,0.0025256970989339105
0.009909999999999764,0.002528388110299195
0.009919999999999764,0.002531535672083263
0.009929999999999764,0.0025352620694210908
0.009939999999999763,0.0025392931542160004
0.009949999999999763,0.0025431988728649084
0.009959999999999762,0.0025463568111142344
0.009969999999999762,0.002548934577231403
0.009979999999999762,0.002552772642845443
0.009989999999999761,0.0025567052742493106
0.00999999999999976,0.0025597441148645515
0.01000999999999976,0.0025625283481285383
0.01001999999999976,0.002566594111417907
0.01002999999999976,0.0025709523556928502
0.01003999999999976,0.0025758317316432813
0.010049999999999759,0.0025804287883506795
0.010059999999999758,0.0025836491571359778
0.010069999999999758,0.0025860515904836904
0.010079999999999758,0.0025893938441693843
0.010089999999999757,0.0025924821442659188
0.010099999999999757,0.0025952554287366567
0.010109999999999756,0.002600199084844949
0.010119999999999756,0.002604155889491414
0.010129999999999756,0.0026069460283864813
0.010139999999999755,0.0026096289249834515
0.010149999999999755,0.002612542858950188
0.010159999999999754,0.002616021348413647
0.010169999999999754,0.0026197233774674605
0.010179999999999753,0.0026234442293828104
0.010189999999999753,0.0026274190665109263
0.010199999999999753,0.0026311583881462918
0.010209999999999752,0.0026342457030165225
0.010219999999999752,0.0026368711490812437
0.010229999999999751,0.0026397846488659888
0.010239999999999751,0.0026428819389900994
0.01024999999999975,0.0026470934347109353
0.01025999999999975,0.002650917695590672
0.01026999999999975,0.0026543412220494038
0.01027999999999975,0.0026582437965846414
0.010289999999999749,0.0026615933287229133
0.010299999999999749,0.002664778571225268
0.010309999999999748,0.002668303189521725
0.010319999999999748,0.002671655314258116
0.010329999999999747,0.0026745346788792615
0.010339999999999747,0.0026776257376520188
0.010349999999999747,0.0026823896005586036
0.010359999999999746,0.0026867115020261425
0.010369999999999746,0.0026915195543372335
0.010379999999999745,0.002695496757278217
0.010389999999999745,0.0026984075478280307
0.010399999999999745,0.002700611701607391
0.010409999999999744,0.00270309576050101
0.010419999999999744,0.0027064298923051974
0.010429999999999743,0.0027103616318286173
0.010439999999999743,0.002714192670456669
0.010449999999999742,0.002718822647098689
0.010459999999999742,0.0027224298241553587
0.010469999999999742,0.002725334491912605
0.010479999999999741,0.0027283355044868955
0.01048999999999974,0.002731612417895804
0.01049999999999974,0.002735054883617995
0.01050999999999974,0.0027392259660437763
0.01051999999999974,0.0027423501552230685
0.01052999999999974,0.002744518755001632
0.010539999999999739,0.0027482722862522055
0.010549999999999738,0.0027522340853935057
0.010559999999999738,0.002755537885883163
0.010569999999999738,0.002758099138852096
0.010579999999999737,0.0027612178820335806
0.010589999999999737,0.0027667199512603157
0.010599999999999736,0.0027707552449144452
0.010609999999999736,0.0027736160505127602
0.010619999999999736,0.0027765712121883093
0.010629999999999735,0.002780190775602071
0.010639999999999735,0.0027840172028843883
0.010649999999999734,0.0027883411338043202
0.010659999999999734,0.0027918466042786733
0.010669999999999734,0.0027951357734275826
0.010679999999999733,0.0027982044008921184
0.010689999999999733,0.0028017066763154123
0.010699999999999732,0.002805455632447023
0.010709999999999732,0.0028089579083401765
0.010719999999999731,0.002811747418635218
0.010729999999999731,0.0028149840943135465
0.01073999999999973,0.002818709498898691
0.01074999999999973,0.002823372481981912
0.01075999999999973,0.002827505641926514
0.01076999999999973,0.0028300694898889074
0.010779999999999729,0.002832831727676255
0.010789999999999729,0.002835465004681842
0.010799999999999728,0.0028382278476876055
0.010809999999999728,0.0028412605536424383
0.010819999999999727,0.002844896181673711
0.010829999999999727,0.0028491788957348916
0.010839999999999727,0.002853284744498039
0.010849999999999726,0.00285724748895351
0.010859999999999726,0.002861257244347001
0.010869999999999725,0.002865179127637123
0.010879999999999725,0.002868884793862392
0.010889999999999725,0.0028726739552978288
0.010899999999999724,0.002876348926434361
0.010909999999999724,0.0028786608949318655
0.010919999999999723,0.002881494133429339
0.010929999999999723,0.0028835851559497216
0.010939999999999723,0.0028864078937646583
0.010949999999999722,0.0028903732775944313
0.010959999999999722,0.002894665779565905
0.010969999999999721,0.00289938658376161
0.010979999999999721,0.00290330056500961
0.01098999999999972,0.0029072565940780302
0.01099999999999972,0.0029108102069566343
0.01100999999999972,0.0029153647072553846
0.01101999999999972,0.002919534867142802
0.011029999999999719,0.0029216949336383427
0.011039999999999718,0.002924458903508113
0.011049999999999718,0.002926923704686377
0.011059999999999718,0.0029292040448071406
0.011069999999999717,0.002932801632434568
0.011079999999999717,0.002935507835564852
0.011089999999999716,0.0029396660259422866
0.011099999999999716,0.002944650645589914
0.011109999999999716,0.0029499857852701007
0.011119999999999715,0.0029545983135769835
0.011129999999999715,0.002957732614727002
0.011139999999999714,0.002959994249129085
0.011149999999999714,0.0029628608682762975
0.011159999999999714,0.002966860892900999
0.011169999999999713,0.0029708687327975685
0.011179999999999713,0.0029731569452588124
0.011189999999999712,0.0029756752351217867
0.011199999999999712,0.002980033917859222
0.011209999999999712,0.002983822016005018
0.011219999999999711,0.0029884564994226083
0.01122999999999971,0.002992640351664433
0.01123999999999971,0.002996039408558861
0.01124999999999971,0.003000761037563139
0.01125999999999971,0.0030029901389889797
0.011269999999999709,0.0030045029110562504
0.011279999999999709,0.0030074499914789746
0.011289999999999708,0.0030105320010588867
0.011299999999999708,0.003014743223843785
0.011309999999999707,0.003019036070970045
0.011319999999999707,0.0030237342033311966
0.011329999999999707,0.0030275156895284436
0.011339999999999706,0.003029705167347855
0.011349999999999706,0.0030337447755993487
0.011359999999999705,0.0030372715600267748
0.011369999999999705,0.0030398968732138
0.011379999999999705,0.003042822146206993
0.011389999999999704,0.003046335339658812
0.011399999999999704,0.0030497237854848172
0.011409999999999703,0.003053086712795869
0.011419999999999703,0.003057070877029631
0.011429999999999703,0.003063108908714606
0.011439999999999702,0.0030661840117455533
0.011449999999999702,0.0030693638480835564
0.011459999999999701,0.0030728420073407575
0.011469999999999701,0.0030753851027348744
0.0114799999999997,0.0030788515349406253
0.0114899999999997,0.003082723982798651
0.0114999999999997,0.0030855377982668838
0.0115099999999997,0.0030885236268460557
0.011519999999999699,0.003092174631081897
0.011529999999999698,0.003096707697300436
0.011539999999999698,0.0031006738341465474
0.011549999999999698,0.003104723519247235
0.011559999999999697,0.003108071351604195
0.011569999999999697,0.003111716859007259
0.011579999999999696,0.0031150264266801976
0.011589999999999696,0.0031187827269291975
0.011599999999999696,0.003123327333862488
0.011609999999999695,0.0031271358662051615
0.011619999999999695,0.0031305058030094623
0.011629999999999694,0.0031333124661434173
0.011639999999999694,0.003136177921334499
0.011649999999999694,0.003139309508656472
0.011659999999999693,0.0031422816241392713
0.011669999999999693,0.0031444666619937665
0.011679999999999692,0.0031478338685685574
0.011689999999999692,0.003152803490412374
0.011699999999999692,0.0031581761210054925
0.011709999999999691,0.0031629062916479697
0.01171999999999969,0.0031670898734391228
0.01172999999999969,0.0031706820560200486
0.01173999999999969,0.0031739285542381466
0.01174999999999969,0.003176672250367284
0.011759999999999689,0.003179289225404357
0.011769999999999689,0.0031824211082347414
0.011779999999999688,0.003184594252821454
0.011789999999999688,0.003189244963309662
0.011799999999999687,0.0031941869933516586
0.011809999999999687,0.003197888813705401
0.011819999999999687,0.0032019116757584756
0.011829999999999686,0.0032060613457625567
0.011839999999999686,0.003208984301977905
0.011849999999999685,0.0032116275254379083
0.011859999999999685,0.0032148219299479555
0.011869999999999685,0.0032186492810468707
0.011879999999999684,0.003221405057127199
0.011889999999999684,0.0032246001380488343
0.011899999999999683,0.0032285321722318777
0.011909999999999683,0.0032322714986862413
0.011919999999999683,0.003236366859306559
0.011929999999999682,0.0032413903331406277
0.011939999999999682,0.003245631030522483
0.011949999999999681,0.00324904730448423
0.011959999999999681,0.0032522339333997596
0.01196999999999968,0.003255229971868926
0.01197999999999968,0.003258222548223592
0.01198999999999968,0.0032616197605224045
0.01199999999999968,0.0032665966343938166
0.012009999999999679,0.0032704145209537724
0.012019999999999679,0.003273856939700568
0.012029999999999678,0.003276709025133788
0.012039999999999678,0.0032806184416339606
0.012049999999999677,0.003284786682303075
0.012059999999999677,0.0032895481044589677
0.012069999999999676,0.003291825499765756
0.012079999999999676,0.0032944179326693883
0.012089999999999676,0.003296830551797144
0.012099999999999675,0.0032990564333358727
0.012109999999999675,0.003302212396661395
0.012119999999999674,0.003306068610266407
0.012129999999999674,0.0033098144541293846
0.012139999999999674,0.0033145008017477244
0.012149999999999673,0.003319253316545636
0.012159999999999673,0.0033239491977458623
0.012169999999999672,0.003327575642091893
0.012179999999999672,0.0033301562418773883
0.012189999999999672,0.0033326053573298838
0.012199999999999671,0.0033352356336592234
0.01220999999999967,0.00333913822961231
0.01221999999999967,0.0033423010948491435
0.01222999999999967,0.003345315847014132
0.01223999999999967,0.0033483809011547612
0.01224999999999967,0.0033519980631606383
0.012259999999999669,0.0033567864761169476
0.012269999999999668,0.003360641916838095
0.012279999999999668,0.003364377046663418
0.012289999999999668,0.003367962323901639
0.012299999999999667,0.003371489321042992
0.012309999999999667,0.0033755553429539427
0.012319999999999666,0.003379571483399421
0.012329999999999666,0.003382075780791905
0.012339999999999665,0.003385396288024372
0.012349999999999665,0.0033885948879646952
0.012359999999999665,0.0033923036521054896
0.012369999999999664,0.0033962316495483786
0.012379999999999664,0.0033998554406388794
0.012389999999999663,0.0034025708925130467
0.012399999999999663,0.0034067292279041607
0.012409999999999663,0.003410522805277216
0.012419999999999662,0.003414385310513658
0.012429999999999662,0.003417966299063905
0.012439999999999661,0.0034222567972251095
0.012449999999999661,0.003425240306585164
0.01245999999999966,0.003427940182418411
0.01246999999999966,0.0034312350613047004
0.01247999999999966,0.003434724750158546
0.01248999999999966,0.0034385920855035364
0.012499999999999659,0.0034430037984180886
0.012509999999999659,0.0034472831272614212
0.012519999999999658,0.0034513454259650638
0.012529999999999658,0.0034540530378013965
0.012539999999999657,0.0034572654144056744
0.012549999999999657,0.0034603195902403066
0.012559999999999657,0.0034638058270212552
0.012569999999999656,0.003467000254670136
0.012579999999999656,0.0034703492437145114
0.012589999999999655,0.0034738381870136107
0.012599999999999655,0.003478638885316006
0.012609999999999654,0.0034836379929442493
0.012619999999999654,0.003486945602844338
0.012629999999999654,0.003490443303175786
0.012639999999999653,0.0034936459730236413
0.012649999999999653,0.0034962215067518144
0.012659999999999652,0.0034984968467508303
0.012669999999999652,0.003501096912805272
0.012679999999999652,0.0035047881944734825
0.012689999999999651,0.0035085244761944552
0.01269999999999965,0.0035130705081789348
0.01270999999999965,0.003518102594894198
0.01271999999999965,0.0035219758759825583
0.01272999999999965,0.0035254967044009693
0.01273999999999965,0.003528088053403078
0.012749999999999649,0.003530495217344521
0.012759999999999648,0.003532898126650963
0.012769999999999648,0.0035364010415227442
0.012779999999999648,0.003540497988939353
0.012789999999999647,0.003544995371389009
0.012799999999999647,0.0035501498266272695
0.012809999999999646,0.0035542103669203855
0.012819999999999646,0.003557860786912005
0.012829999999999646,0.0035612143105044963
0.012839999999999645,0.0035633762025475625
0.012849999999999645,0.0035667201762595653
0.012859999999999644,0.003569114128317329
0.012869999999999644,0.0035712989434233803
0.012879999999999643,0.0035744855017624654
0.012889999999999643,0.0035784741067623853
0.012899999999999643,0.003582847481560262
0.012909999999999642,0.0035879041990873797
0.012919999999999642,0.0035926138175796894
0.012929999999999641,0.003595895688091547
0.012939999999999641,0.0035988198599992112
0.01294999999999964,0.0036020063614152346
0.01295999999999964,0.003605629563597596
0.01296999999999964,0.003609235918265389
0.01297999999999964,0.0036125652434035663
0.012989999999999639,0.003616039716274935
0.012999999999999639,0.0036195961401662927
0.013009999999999638,0.003622155954130162
0.013019999999999638,0.0036253680747340058
0.013029999999999637,0.00363031633540971
0.013039999999999637,0.0036347052223659085
0.013049999999999637,0.0036381976020911904
0.013059999999999636,0.0036417960604997845
0.013069999999999636,0.0036455823455144327
0.013079999999999635,0.0036496755773110737
0.013089999999999635,0.003652788542887012
0.013099999999999635,0.003656161445916186
0.013109999999999634,0.003659345636918117
0.013119999999999634,0.0036632447043399214
0.013129999999999633,0.0036664281436232593
0.013139999999999633,0.003670748911807876
0.013149999999999632,0.003674646031508197
0.013159999999999632,0.003677130470517995
0.013169999999999632,0.003680121525533503
0.013179999999999631,0.003683821329519294
0.01318999999999963,0.0036878898627059663
0.01319999999999963,0.0036935047819243554
0.01320999999999963,0.0036967688694495744
0.01321999999999963,0.003699646760572975
0.01322999999999963,0.0037035114476300936
0.013239999999999629,0.00370685138658851
0.013249999999999628,0.0037109275925159444
0.013259999999999628,0.0037142491203497616
0.013269999999999628,0.0037180270151564894
0.013279999999999627,0.003720233217827884
0.013289999999999627,0.003723833039041462
0.013299999999999626,0.003727174143329098
0.013309999999999626,0.0037310244274999043
0.013319999999999626,0.003735813466577403
0.013329999999999625,0.003740131235176737
0.013339999999999625,0.0037445615414162343
0.013349999999999624,0.0037481384430650315
0.013359999999999624,0.003751160311229102
0.013369999999999624,0.003753769567956537
0.013379999999999623,0.0037563436621917486
0.013389999999999623,0.0037595271000863393
0.013399999999999622,0.0037645486940468364
0.013409999999999622,0.0037680257413086862
0.013419999999999621,0.0037711295423721886
0.013429999999999621,0.0037738947755207378
0.01343999999999962,0.0037771165810274636
0.01344999999999962,0.0037811496619688098
0.01345999999999962,0.003785158785363424
0.01346999999999962,0.003788739628038491
0.013479999999999619,0.0037925878886826596
0.013489999999999619,0.0037960395574805376
0.013499999999999618,0.0037991807268925983
0.013509999999999618,0.0038016421908049366
0.013519999999999617,0.0038067298067817382
0.013529999999999617,0.0038108756422087437
0.013539999999999617,0.003814817939329004
0.013549999999999616,0.003817717354894871
0.013559999999999616,0.0038199564295571514
0.013569999999999615,0.0038228294419342577
0.013579999999999615,0.003826391658870102
0.013589999999999615,0.0038301970172518046
0.013599999999999614,0.003834208793117687
0.013609999999999614,0.003837386647078065
0.013619999999999613,0.0038413411742238045
0.013629999999999613,0.0038446300399760354
0.013639999999999613,0.0038476536399798104
0.013649999999999612,0.0038508401026066323
0.013659999999999612,0.0038543348995163434
0.013669999999999611,0.0038577028359840985
0.013679999999999611,0.0038619750287114465
0.01368999999999961,0.003865999733177079
0.01369999999999961,0.003870272038436683
0.01370999999999961,0.0038743762108964376
0.01371999999999961,0.0038776134054153586
0.013729999999999609,0.0038797249683878154
0.013739999999999608,0.0038827133769015532
0.013749999999999608,0.0038855970951250166
0.013759999999999608,0.0038898048134028847
0.013769999999999607,0.0038947006288062394
0.013779999999999607,0.0038983856828624206
0.013789999999999606,0.0039012765634207974
0.013799999999999606,0.0039061771163926757
0.013809999999999606,0.003910048367288255
0.013819999999999605,0.003913715631797241
0.013829999999999605,0.003916680418468692
0.013839999999999604,0.003919784149690497
0.013849999999999604,0.003922484764114528
0.013859999999999604,0.003926220885654718
0.013869999999999603,0.003929978327849197
0.013879999999999603,0.0039325792343477975
0.013889999999999602,0.003935980593325746
0.013899999999999602,0.003940671940776501
0.013909999999999602,0.003944482930015957
0.013919999999999601,0.003947760916426967
0.0139299999999996,0.003951797917574082
0.0139399999999996,0.003956566277451023
0.0139499999999996,0.003960021825554671
0.0139599999999996,0.0039623263150965465
0.013969999999999599,0.0039651266156854065
0.013979999999999599,0.003968872887565064
0.013989999999999598,0.003972596921609392
0.013999999999999598,0.003977149267124234
0.014009999999999597,0.003980642899734272
0.014019999999999597,0.0039842332197828605
0.014029999999999597,0.003987229427581868
0.014039999999999596,0.003991099062864796
0.014049999999999596,0.003995204606341319
0.014059999999999595,0.00399970863463846
0.014069999999999595,0.004004260346023804
0.014079999999999595,0.004008053224377649
0.014089999999999594,0.004013107708545434
0.014099999999999594,0.004017131869935879
0.014109999999999593,0.004020594713133705
0.014119999999999593,0.004023299964911542
0.014129999999999593,0.0040262986527202236
0.014139999999999592,0.004028091963540961
0.014149999999999592,0.0040307941250525255
0.014159999999999591,0.0040331829078731184
0.014169999999999591,0.00403762267992608
0.01417999999999959,0.004042465688722808
0.01418999999999959,0.004045927525116236
0.01419999999999959,0.004049608159835573
0.01420999999999959,0.004054355535966187
0.014219999999999589,0.004058965756245914
0.014229999999999588,0.00406193200079773
0.014239999999999588,0.0040638628565322354
0.014249999999999588,0.004067438924461299
0.014259999999999587,0.004070317061343613
0.014269999999999587,0.0040727272799551545
0.014279999999999586,0.004075630275416928
0.014289999999999586,0.00408126750974588
0.014299999999999586,0.004084793480480699
0.014309999999999585,0.004087874347921106
0.014319999999999585,0.00409180373289755
0.014329999999999584,0.004096380892691681
0.014339999999999584,0.0040992843127739525
0.014349999999999584,0.004103698043816937
0.014359999999999583,0.004106517686430414
0.014369999999999583,0.004108521429022717
0.014379999999999582,0.004111283244475627
0.014389999999999582,0.0041140381207464246
0.014399999999999582,0.0041185878821311
0.014409999999999581,0.004123988483071189
0.01441999999999958,0.004127998769556503
0.01442999999999958,0.0041312035414489585
0.01443999999999958,0.00413421395856007
0.01444999999999958,0.004136717018346346
0.014459999999999579,0.004139672406331583
0.014469999999999579,0.0041443704762199295
0.014479999999999578,0.00414928077296393
0.014489999999999578,0.00415279772630158
0.014499999999999577,0.004156552287896894
0.014509999999999577,0.004159390431626928
0.014519999999999577,0.004161758483658197
0.014529999999999576,0.004165572978207627
0.014539999999999576,0.004170337399672762
0.014549999999999575,0.0041742353686689705
0.014559999999999575,0.004177546135893016
0.014569999999999575,0.004180272650658364
0.014579999999999574,0.004184156086393454
0.014589999999999574,0.004187036031990444
0.014599999999999573,0.004190591304698369
0.014609999999999573,0.004195327011132631
0.014619999999999573,0.004199319972346743
0.014629999999999572,0.004203150849486723
0.014639999999999572,0.004206853052236837
0.014649999999999571,0.0042092301944494
0.014659999999999571,0.004212908949370317
0.01466999999999957,0.004215601792097273
0.01467999999999957,0.004218674019587655
0.01468999999999957,0.004222620871915621
0.01469999999999957,0.004225414296775588
0.014709999999999569,0.0042298745199167796
0.014719999999999568,0.004234670774834436
0.014729999999999568,0.004238221216332637
0.014739999999999568,0.004242085248372081
0.014749999999999567,0.004245744062286528
0.014759999999999567,0.0042497522219819344
0.014769999999999566,0.004252952796781446
0.014779999999999566,0.004256410689124741
0.014789999999999566,0.004260430847718092
0.014799999999999565,0.004264538132014724
0.014809999999999565,0.0042685613842649555
0.014819999999999564,0.004271657206089221
0.014829999999999564,0.004274385220739172
0.014839999999999564,0.004277809452077972
0.014849999999999563,0.004280003055192234
0.014859999999999563,0.0042836966150346795
0.014869999999999562,0.004288162305032642
0.014879999999999562,0.004292517507034165
0.014889999999999562,0.0042962094977327244
0.014899999999999561,0.004299706677529755
0.01490999999999956,0.004302534456423283
0.01491999999999956,0.00430666920032612
0.01492999999999956,0.004309840595580345
0.01493999999999956,0.004313154655667538
0.014949999999999559,0.004316190758663243
0.014959999999999559,0.004319318956304225
0.014969999999999558,0.004323753248509728
0.014979999999999558,0.00432834091589103
0.014989999999999557,0.004331866355280846
0.014999999999999557,0.0043349343716680136
0.015009999999999557,0.004338536704751774
0.015019999999999556,0.004343760382235944
0.015029999999999556,0.004347511692412651
0.015039999999999555,0.004350839612550462
0.015049999999999555,0.0043533233675311775
0.015059999999999555,0.004356333703394436
0.015069999999999554,0.004358151658177343
0.015079999999999554,0.004361492450013486
0.015089999999999553,0.004364919286516622
0.015099999999999553,0.004369639266447787
0.015109999999999553,0.004374645951726803
0.015119999999999552,0.004379917646401533
0.015129999999999552,0.004384173201768904
0.015139999999999551,0.004386334023836041
0.015149999999999551,0.004387927699030214
0.01515999999999955,0.004390994233425636
0.01516999999999955,0.00439529070048317
0.01517999999999955,0.004399782345197875
0.01518999999999955,0.004403931356801488
0.015199999999999549,0.004407181024634846
0.015209999999999549,0.004409915033484264
0.015219999999999548,0.004412256883898897
0.015229999999999548,0.0044154446435485
0.015239999999999547,0.004420091509034633
0.015249999999999547,0.004424125598421393
0.015259999999999546,0.004428102098619688
0.015269999999999546,0.004431870348881081
0.015279999999999546,0.0044357476126592
0.015289999999999545,0.00443976835810409
0.015299999999999545,0.004444000322457077
0.015309999999999544,0.00444773087064525
0.015319999999999544,0.004450667694266577
0.015329999999999544,0.004453542135570791
0.015339999999999543,0.004454860675747769
0.015349999999999543,0.004458400787835387
0.015359999999999542,0.004461802103873794
0.015369999999999542,0.004466335011437815
0.015379999999999542,0.004471044781334293
0.015389999999999541,0.004475719125643628
0.01539999999999954,0.004479103952141637
0.01540999999999954,0.004482513778627509
0.01541999999999954,0.0044847569512919
0.01542999999999954,0.0044880221185612254
0.01543999999999954,0.0044914190697263765
0.015449999999999539,0.0044957872673833015
0.015459999999999538,0.004499303945912157
0.015469999999999538,0.004502916768348685
0.015479999999999538,0.004506310109294988
0.015489999999999537,0.004509649356746374
0.015499999999999537,0.004513357432083953
0.015509999999999536,0.004517013493734627
0.015519999999999536,0.0045208390415251735
0.015529999999999535,0.004524892700030772
0.015539999999999535,0.004528187181549239
0.015549999999999535,0.0045311989152187525
0.015559999999999534,0.004535574612331982
0.015569999999999534,0.004540757725260857
0.015579999999999533,0.004544935451605922
0.015589999999999533,0.004547795848441081
0.015599999999999533,0.0045515567044747615
0.015609999999999532,0.0045551068642751685
0.015619999999999532,0.004557999582165226
0.015629999999999533,0.004560867419230798
0.015639999999999533,0.0045638649592699265
0.015649999999999532,0.004568248058416179
0.015659999999999532,0.0045710616395810725
0.01566999999999953,0.00457465029395915
0.01567999999999953,0.004578136525739885
0.01568999999999953,0.004581184581611358
0.01569999999999953,0.004585175355747233
0.01570999999999953,0.004588351550965052
0.01571999999999953,0.004593139153724077
0.01572999999999953,0.004596747343204319
0.01573999999999953,0.0046005274177994635
0.01574999999999953,0.004603490298935943
0.015759999999999528,0.004607295499752602
0.015769999999999527,0.004611177281915483
0.015779999999999527,0.004613977478664687
0.015789999999999527,0.004617151784052948
0.015799999999999526,0.004622791128800696
0.015809999999999526,0.004626637476670804
0.015819999999999525,0.004629805971283964
0.015829999999999525,0.004632416314092537
0.015839999999999525,0.00463660994342893
0.015849999999999524,0.004639333431055946
0.015859999999999524,0.004642286796696784
0.015869999999999523,0.004646522815889963
0.015879999999999523,0.004651798950586537
0.015889999999999523,0.004655677162970833
0.015899999999999522,0.004658232094105081
0.015909999999999522,0.004661727330325629
0.01591999999999952,0.004665245604809307
0.01592999999999952,0.0046682837056157165
0.01593999999999952,0.0046719699656362175
0.01594999999999952,0.00467611517724098
0.01595999999999952,0.004679872995556087
0.01596999999999952,0.004683044808396338
0.01597999999999952,0.004687359355062475
0.01598999999999952,0.004690736949004605
0.015999999999999518,0.004693768254158077
0.016009999999999518,0.004697825156354105
0.016019999999999517,0.004700723573401789
0.016029999999999517,0.004704054152875865
0.016039999999999516,0.004708468800770441
0.016049999999999516,0.004712742276073931
0.016059999999999516,0.004715435504756865
0.016069999999999515,0.004717885121047527
0.016079999999999515,0.004721665517727155
0.016089999999999514,0.004724434170778801
0.016099999999999514,0.004727991720444778
0.016109999999999514,0.0047322453868201275
0.016119999999999513,0.004736116261467956
0.016129999999999513,0.004739432588506479
0.016139999999999512,0.004741954406010529
0.016149999999999512,0.00474477463463692
0.01615999999999951,0.004748326227832622
0.01616999999999951,0.004753245541134539
0.01617999999999951,0.004756611965967324
0.01618999999999951,0.004760167056918042
0.01619999999999951,0.0047643842853008055
0.01620999999999951,0.004768104757724064
0.01621999999999951,0.004770806830633793
0.01622999999999951,0.004775006973052866
0.01623999999999951,0.004779182293864399
0.016249999999999508,0.004782358750626368
0.016259999999999507,0.004785571603431432
0.016269999999999507,0.004789744749271683
0.016279999999999507,0.004793020961476423
0.016289999999999506,0.004796691803464771
0.016299999999999506,0.00480187114812533
0.016309999999999505,0.004806089757299222
0.016319999999999505,0.004808385822665842
0.016329999999999505,0.004810809517701382
0.016339999999999504,0.004814179831682201
0.016349999999999504,0.00481673445955753
0.016359999999999503,0.004820559245654724
0.016369999999999503,0.004825585443279635
0.016379999999999503,0.004829412465246756
0.016389999999999502,0.0048322662135257075
0.016399999999999502,0.004834739123411712
0.0164099999999995,0.004840427192947687
0.0164199999999995,0.004842711657484874
0.0164299999999995,0.0048452324150290195
0.0164399999999995,0.004849048176753562
0.0164499999999995,0.004853565740558082
0.0164599999999995,0.004856929297961967
0.0164699999999995,0.0048613285948503095
0.0164799999999995,0.004864802462908195
0.016489999999999498,0.004868042213443387
0.016499999999999498,0.004871407865783462
0.016509999999999497,0.004874550181238757
0.016519999999999497,0.004877684778862566
0.016529999999999496,0.004881876268005667
0.016539999999999496,0.004886242017714262
0.016549999999999496,0.004890455493622802
0.016559999999999495,0.004893446668230786
0.016569999999999495,0.004896455965161391
0.016579999999999494,0.004900428202773352
0.016589999999999494,0.004904240297116423
0.016599999999999494,0.00490741609569993
0.016609999999999493,0.004910806505839258
0.016619999999999493,0.004914217586109071
0.016629999999999492,0.004917792558783147
0.016639999999999492,0.004921375135416536
0.01664999999999949,0.004925381347624265
0.01665999999999949,0.004929428855047834
0.01666999999999949,0.0049337618949191675
0.01667999999999949,0.004937388853145592
0.01668999999999949,0.0049401244788106115
0.01669999999999949,0.004943712657371454
0.01670999999999949,0.004948251035873597
0.01671999999999949,0.00495198454135645
0.01672999999999949,0.004955914106154358
0.016739999999999488,0.004958927974213266
0.016749999999999488,0.004961560132477275
0.016759999999999487,0.0049648961100946624
0.016769999999999487,0.004968577686440411
0.016779999999999486,0.004973273086514658
0.016789999999999486,0.004977698630441865
0.016799999999999485,0.004981438829026199
0.016809999999999485,0.00498391881649732
0.016819999999999485,0.004987076614175461
0.016829999999999484,0.004990509288831529
0.016839999999999484,0.0049929100661707665
0.016849999999999483,0.004996131783262347
0.016859999999999483,0.005000374237172708
0.016869999999999483,0.0050048974912742655
0.016879999999999482,0.005009017932374542
0.016889999999999482,0.005012319294816723
0.01689999999999948,0.005017000020001367
0.01690999999999948,0.005020137784986233
0.01691999999999948,0.005023586359243484
0.01692999999999948,0.005025842576497974
0.01693999999999948,0.005028685175911741
0.01694999999999948,0.005031770018920999
0.01695999999999948,0.00503552111056141
0.01696999999999948,0.0050407310583717845
0.016979999999999478,0.005044656370166436
0.016989999999999478,0.005049393775268401
0.016999999999999477,0.0050532524128772075
0.017009999999999477,0.005056552971928071
0.017019999999999477,0.00506036875569879
0.017029999999999476,0.005064264015364553
0.017039999999999476,0.005066686608833327
0.017049999999999475,0.0050693959902413975
0.017059999999999475,0.005072706379970114
0.017069999999999474,0.005076977829665455
0.017079999999999474,0.005079292304722903
0.017089999999999474,0.005083294413004455
0.017099999999999473,0.005088237284206224
0.017109999999999473,0.005093175821030577
0.017119999999999472,0.005097545379149791
0.017129999999999472,0.005100648249652621
0.01713999999999947,0.005102783162257763
0.01714999999999947,0.005105490766582875
0.01715999999999947,0.0051082182695002575
0.01716999999999947,0.005111757959635734
0.01717999999999947,0.005116027005423738
0.01718999999999947,0.00512009376703439
0.01719999999999947,0.005125119769688228
0.01720999999999947,0.0051294465075937745
0.01721999999999947,0.005133306088857342
0.017229999999999468,0.005137639113216792
0.017239999999999468,0.00514148198786699
0.017249999999999467,0.005144204429795305
0.017259999999999467,0.005146942691407568
0.017269999999999466,0.005149762688587209
0.017279999999999466,0.005152885654853607
0.017289999999999466,0.005156481953402172
0.017299999999999465,0.005161186556361901
0.017309999999999465,0.005165711224550167
0.017319999999999464,0.005169410370601313
0.017329999999999464,0.00517315189855232
0.017339999999999463,0.005177115317986762
0.017349999999999463,0.0051807157323184895
0.017359999999999463,0.005183764068875127
0.017369999999999462,0.005186947396280278
0.017379999999999462,0.005190516166523122
0.01738999999999946,0.005194698371381853
0.01739999999999946,0.005198439423390835
0.01740999999999946,0.005200255584998099
0.01741999999999946,0.005202725612935135
0.01742999999999946,0.005205802487877038
0.01743999999999946,0.005210168067795007
0.01744999999999946,0.005215731136951729
0.01745999999999946,0.005220447787412558
0.017469999999999458,0.0052256109031680546
0.017479999999999458,0.0052292835897572556
0.017489999999999457,0.005231654485964678
0.017499999999999457,0.0052344428768962056
0.017509999999999457,0.005238228757253389
0.017519999999999456,0.005242414183797041
0.017529999999999456,0.005245224300887969
0.017539999999999455,0.005248831684422802
0.017549999999999455,0.0052524684167223066
0.017559999999999455,0.005256272668596384
0.017569999999999454,0.005261135544439646
0.017579999999999454,0.0052645660286710074
0.017589999999999453,0.005268502324195137
0.017599999999999453,0.005271791796599653
0.017609999999999452,0.005274355989820137
0.017619999999999452,0.005278437474699486
0.01762999999999945,0.00528403554231145
0.01763999999999945,0.005287665284575041
0.01764999999999945,0.005290879111321559
0.01765999999999945,0.005294513426549923
0.01766999999999945,0.00529806973998401
0.01767999999999945,0.005302631120044859
0.01768999999999945,0.00530536669754256
0.01769999999999945,0.005308678492225165
0.01770999999999945,0.005312416844119142
0.017719999999999448,0.005315200203622651
0.017729999999999448,0.00531907848077721
0.017739999999999447,0.005323903335720372
0.017749999999999447,0.005329097916425099
0.017759999999999446,0.005332731614686475
0.017769999999999446,0.005335595732473487
0.017779999999999446,0.005337389329497038
0.017789999999999445,0.005339939449696476
0.017799999999999445,0.005342579686629751
0.017809999999999444,0.005345974555588617
0.017819999999999444,0.0053502220465328565
0.017829999999999444,0.00535459683023522
0.017839999999999443,0.005358463829424651
0.017849999999999443,0.005361958232858746
0.017859999999999442,0.005366750705888588
0.017869999999999442,0.005371330851438503
0.01787999999999944,0.0053753136486517795
0.01788999999999944,0.0053783596054355
0.01789999999999944,0.005381314866163494
0.01790999999999944,0.005385022811328469
0.01791999999999944,0.005387665617362965
0.01792999999999944,0.0053893324394933585
0.01793999999999944,0.005393806961245687
0.01794999999999944,0.005396729641936774
0.017959999999999438,0.005400733396262008
0.017969999999999438,0.005405595933619154
0.017979999999999437,0.005409609284351935
0.017989999999999437,0.005412463395679115
0.017999999999999437,0.005414814254254976
0.018009999999999436,0.005418741913202577
0.018019999999999436,0.005423111115725154
0.018029999999999435,0.005426199194741669
0.018039999999999435,0.005429510081116952
0.018049999999999435,0.005432633241712635
0.018059999999999434,0.005436324373152708
0.018069999999999434,0.005439528382024107
0.018079999999999433,0.005443057464971749
0.018089999999999433,0.005445329851656674
0.018099999999999433,0.00545016811955321
0.018109999999999432,0.005455609478036402
0.01811999999999943,0.005460223433964349
0.01812999999999943,0.005464104375954626
0.01813999999999943,0.005466833925520043
0.01814999999999943,0.0054703000048026374
0.01815999999999943,0.005472419314919869
0.01816999999999943,0.005475353976372711
0.01817999999999943,0.005481337751789692
0.01818999999999943,0.005484775569055152
0.01819999999999943,0.00548730683715318
0.018209999999999428,0.005489813322952896
0.018219999999999428,0.005493358958447891
0.018229999999999427,0.005497903425847872
0.018239999999999427,0.005500590906528461
0.018249999999999426,0.005503071588103363
0.018259999999999426,0.005506641625847824
0.018269999999999426,0.005510539474500632
0.018279999999999425,0.005515307016056742
0.018289999999999425,0.005519422504176659
0.018299999999999424,0.005521957794745715
0.018309999999999424,0.0055245363723256755
0.018319999999999424,0.0055276965097057346
0.018329999999999423,0.005531034451687367
0.018339999999999423,0.005534915352652404
0.018349999999999422,0.005538663180820462
0.018359999999999422,0.0055432647558080065
0.01836999999999942,0.005546887015046012
0.01837999999999942,0.005550590884491348
0.01838999999999942,0.005555218784843102
0.01839999999999942,0.005559109288876657
0.01840999999999942,0.005563314800052032
0.01841999999999942,0.005566310007171616
0.01842999999999942,0.005570292933527001
0.01843999999999942,0.005572680002495923
0.018449999999999418,0.005574967798634883
0.018459999999999418,0.0055781230467614505
0.018469999999999417,0.005582742284555513
0.018479999999999417,0.00558893855101296
0.018489999999999417,0.00559287108194752
0.018499999999999416,0.0055961828347142585
0.018509999999999416,0.005598884538811618
0.018519999999999415,0.005601419393212822
0.018529999999999415,0.005604742091658717
0.018539999999999415,0.0056080204515145905
0.018549999999999414,0.005610966783952847
0.018559999999999414,0.005615780377344468
0.018569999999999413,0.00561978494069036
0.018579999999999413,0.005623398388491757
0.018589999999999413,0.0056273138246461
0.018599999999999412,0.00562953176387972
0.018609999999999412,0.005632652315350562
0.01861999999999941,0.00563671987448103
0.01862999999999941,0.005640334530051261
0.01863999999999941,0.005644207827632745
0.01864999999999941,0.005648825944396635
0.01865999999999941,0.005652326171882325
0.01866999999999941,0.005655003429122123
0.01867999999999941,0.005659083087619429
0.01868999999999941,0.005661823209515193
0.018699999999999408,0.005666576757026471
0.018709999999999408,0.005669362761917827
0.018719999999999407,0.005673804614493626
0.018729999999999407,0.005677094847843404
0.018739999999999406,0.0056811345537904874
0.018749999999999406,0.005685512920810956
0.018759999999999406,0.005689035034077647
0.018769999999999405,0.005691995400182602
0.018779999999999405,0.005694554691397714
0.018789999999999404,0.005697357979237566
0.018799999999999404,0.005700610470586865
0.018809999999999404,0.005705152704938534
0.018819999999999403,0.005708967492150258
0.018829999999999403,0.0057127927964891086
0.018839999999999402,0.005716582776454844
0.018849999999999402,0.005720593054728206
0.0188599999999994,0.005723007123036318
0.0188699999999994,0.005725873638166333
0.0188799999999994,0.005729137726052724
0.0188899999999994,0.005732471320345557
0.0188999999999994,0.00573641640709799
0.0189099999999994,0.00574070550725479
0.0189199999999994,0.005743581035003363
0.0189299999999994,0.005747876009669316
0.0189399999999994,0.005752069990294407
0.018949999999999398,0.0057551297826321235
0.018959999999999397,0.005758100589659404
0.018969999999999397,0.005761552196430727
0.018979999999999397,0.0057644380175745635
0.018989999999999396,0.00576795356688357
0.018999999999999396,0.005770946096420613
0.019009999999999395,0.005774231743991911
0.019019999999999395,0.005777576427982616
0.019029999999999395,0.005780597420326154
0.019039999999999394,0.005784410571172146
0.019049999999999394,0.005789185904350112
0.019059999999999393,0.005793964820172995
0.019069999999999393,0.005798456355428856
0.019079999999999393,0.005802989933695724
0.019089999999999392,0.005806232786644976
0.019099999999999392,0.005808185301186727
0.01910999999999939,0.0058115296657118625
0.01911999999999939,0.005814285487449967
0.01912999999999939,0.00581723645095902
0.01913999999999939,0.0058214978127607425
0.01914999999999939,0.005826569904660571
0.01915999999999939,0.005830589644714878
0.01916999999999939,0.005834708478349047
0.01917999999999939,0.0058395540282339805
0.019189999999999388,0.005842966615272338
0.019199999999999388,0.005846590898831905
0.019209999999999387,0.005850553876272343
0.019219999999999387,0.005853753629588467
0.019229999999999386,0.005855794587997159
0.019239999999999386,0.0058577205898896105
0.019249999999999386,0.0058617215460872035
0.019259999999999385,0.005864749811599513
0.019269999999999385,0.0058683466973837
0.019279999999999384,0.005872491207908272
0.019289999999999384,0.005876444220875679
0.019299999999999384,0.0058803930769100385
0.019309999999999383,0.005884480567040109
0.019319999999999383,0.005889275894230713
0.019329999999999382,0.005893407992813526
0.019339999999999382,0.005896831156242812
0.01934999999999938,0.005900150409276998
0.01935999999999938,0.005902667598043594
0.01936999999999938,0.005904814066247093
0.01937999999999938,0.005907318168703417
0.01938999999999938,0.005910644655824551
0.01939999999999938,0.005914925881222285
0.01940999999999938,0.005919088055404305
0.01941999999999938,0.005923936702359139
0.01942999999999938,0.005928538433243626
0.019439999999999378,0.005932487537733969
0.019449999999999378,0.005936367315131949
0.019459999999999377,0.0059395571127130575
0.019469999999999377,0.005941903908982097
0.019479999999999376,0.005944283972746053
0.019489999999999376,0.005947913855583733
0.019499999999999375,0.005950741083730761
0.019509999999999375,0.005954269111367242
0.019519999999999375,0.005957955465566294
0.019529999999999374,0.005962914203639235
0.019539999999999374,0.005966777007366536
0.019549999999999373,0.00596964221404589
0.019559999999999373,0.005973402840079745
0.019569999999999373,0.00597795730745521
0.019579999999999372,0.0059813397436385045
0.019589999999999372,0.005985168814555408
0.01959999999999937,0.005988151873560207
0.01960999999999937,0.005990859678887822
0.01961999999999937,0.005994522952581381
0.01962999999999937,0.0059975961221000705
0.01963999999999937,0.006001811023708646
0.01964999999999937,0.006006325285624788
0.01965999999999937,0.006010056628317279
0.01966999999999937,0.006013984209893335
0.019679999999999368,0.006017858337948994
0.019689999999999368,0.0060221909154731705
0.019699999999999367,0.00602466618534575
0.019709999999999367,0.006026709586870882
0.019719999999999367,0.0060300543969101835
0.019729999999999366,0.006033639057431019
0.019739999999999366,0.006038027829095786
0.019749999999999365,0.006042293773639924
0.019759999999999365,0.006045900755937432
0.019769999999999364,0.0060494192498708865
0.019779999999999364,0.006051932351458731
0.019789999999999364,0.006054867883321669
0.019799999999999363,0.006057898581095117
0.019809999999999363,0.0060623675832774
0.019819999999999362,0.006066588207281307
0.019829999999999362,0.0060692123408498215
0.01983999999999936,0.006072603387609442
0.01984999999999936,0.006075403977239366
0.01985999999999936,0.006078532077060242
0.01986999999999936,0.00608282490720261
0.01987999999999936,0.00608779018267222
0.01988999999999936,0.006092054565205087
0.01989999999999936,0.006094811174208521
0.01990999999999936,0.006097565355076368
0.01991999999999936,0.0060998272971388556
0.019929999999999358,0.006103050424103593
0.019939999999999358,0.0061078514020574265
0.019949999999999357,0.006112755841803295
0.019959999999999357,0.006116871944212988
0.019969999999999356,0.006120185344078116
0.019979999999999356,0.006122756583963043
0.019989999999999356,0.006126825448519206
0.019999999999999355,0.006130531501158166
