# pos_x,pos_y,pos_z,ori_x,ori_y,ori_z
0.000000000000000000e+00,0.000000000000000000e+00,0.000000000000000000e+00,8.420021486578916026e+00,4.207245537363920107e+01,2.486250099983894657e+01
1.866536237397283804e-01,9.824289638004302105e-02,-4.963174395799114791e-01,7.661043556516265340e+00,4.118095242649188492e+01,2.474686982672423952e+01
3.585535487059936521e-01,2.297230433504182656e-01,-9.880580707604451618e-01,7.262947408266065885e+00,4.041784516119123793e+01,2.398446779516696381e+01
5.327061486697919346e-01,3.326489061601023423e-01,-1.478477558791439606e+00,7.015286720646114027e+00,3.923256141143743037e+01,2.416865032049662076e+01
7.097089001491188043e-01,4.159415748408719082e-01,-1.964809713516842749e+00,6.244792169139208760e+00,3.872782766141582300e+01,2.366014196915444856e+01
8.911940980602786055e-01,5.301915458511530232e-01,-2.441558228720197121e+00,5.901000764563492318e+00,3.763717927898341031e+01,2.314906972368769189e+01
1.059206120120334660e+00,6.335715052554178328e-01,-2.927086912627231641e+00,5.828979624307090823e+00,3.644854322715823969e+01,2.337947783308868921e+01
1.233280969546694195e+00,7.292236327567707121e-01,-3.411572649373852073e+00,4.816188278688016133e+00,3.570589104261369329e+01,2.269712167273495851e+01
1.411046790956584474e+00,8.225980824935277269e-01,-3.881598094885617911e+00,4.878819666581384773e+00,3.471766460545545385e+01,2.263200017774610373e+01
1.591226105832888038e+00,9.017986767777301793e-01,-4.365559089704532880e+00,4.079138588204761717e+00,3.432989637570591412e+01,2.209422557141452970e+01
1.789925171361876455e+00,9.875707404622744434e-01,-4.842502585279959249e+00,3.708214348511244207e+00,3.376828931128525113e+01,2.263498953932060331e+01
1.981141477154558128e+00,1.064370681512741612e+00,-5.314440708938775515e+00,3.770231241927955779e+00,3.258960838816468453e+01,2.282261755651069990e+01
2.165747096313079378e+00,1.151737302870401436e+00,-5.787681525593058041e+00,3.179825171826756058e+00,3.190357682804370398e+01,2.189901753417244024e+01
2.336421884525762049e+00,1.215832778022445382e+00,-6.266359681821171534e+00,1.643769436391752325e+00,3.219363651979876551e+01,2.072109442678162239e+01
2.508359376991438072e+00,1.286396664228050213e+00,-6.741261379285049316e+00,1.585385637412505710e+00,3.116739320730984275e+01,2.061684093612061730e+01
2.688063631144541166e+00,1.354867940227791223e+00,-7.216547996393558151e+00,8.105958195895274221e-01,3.090781500803937831e+01,2.045866707160458020e+01
2.861405554924780326e+00,1.424880797582659397e+00,-7.685196814714970515e+00,-4.112330987001968086e-01,3.097814136834274379e+01,1.920650840303266449e+01
3.037470113051814469e+00,1.478916047850361792e+00,-8.167101062925837596e+00,-1.511548930861099935e-03,2.945986217477949154e+01,1.996197805747926068e+01
3.198526201455079487e+00,1.544596045536763995e+00,-8.638688091176447870e+00,-6.912594605770288059e-01,2.902711811995620295e+01,1.922625097927007687e+01
3.373272919667792635e+00,1.599469319443301174e+00,-9.108198669728608365e+00,-1.275757999610802829e+00,2.839080517052911645e+01,1.845846852548702799e+01
3.542592182674451529e+00,1.654094900206018792e+00,-9.594042345625695134e+00,-1.626632993004895500e+00,2.786910480754356811e+01,1.893779769992136153e+01
3.708407097086706905e+00,1.703369691071543457e+00,-1.007159674482539913e+01,-2.186623922049133029e+00,2.739967234847754440e+01,1.847217495431051759e+01
3.872584754807266716e+00,1.745864670431842569e+00,-1.054624515568173138e+01,-2.747182325094881694e+00,2.728004062458160917e+01,1.812528293452246331e+01
4.022487364996974790e+00,1.780421777061064859e+00,-1.101120825209449094e+01,-3.772991208538800212e+00,2.685359820387872176e+01,1.705013952690801204e+01
4.186512039097686433e+00,1.825753068123731282e+00,-1.149850178673625578e+01,-4.149326549052553936e+00,2.662088774468806918e+01,1.691992070442153917e+01
4.350596055741727142e+00,1.853803222268538775e+00,-1.197708687370879943e+01,-4.872748788142843956e+00,2.617098432922876938e+01,1.632374477445330285e+01
4.513506343763387108e+00,1.888517299545355854e+00,-1.245654147635713116e+01,-5.533078377122000013e+00,2.575657691915684921e+01,1.590372536574639994e+01
4.676372422142742735e+00,1.911392313949363597e+00,-1.293670736903240481e+01,-6.251054835263218479e+00,2.596473207393641047e+01,1.559631393104537977e+01
4.836609071514526903e+00,1.923188523071985401e+00,-1.341902875105569137e+01,-6.810614405620012413e+00,2.523635109279769040e+01,1.540718557323397953e+01
4.988059059106085158e+00,1.940895402893943356e+00,-1.390380609285952573e+01,-7.513685045421990338e+00,2.543695074180335070e+01,1.506755177750851793e+01
5.132045167155659726e+00,1.955663749900281800e+00,-1.437903037580167620e+01,-7.967218259055355745e+00,2.530041061898267074e+01,1.455756662900066445e+01
5.270414696897112172e+00,1.968681050698705803e+00,-1.487646499147177792e+01,-8.649982568423085993e+00,2.461414489882772116e+01,1.415548728036305981e+01
5.410127460664981847e+00,1.980748669047557087e+00,-1.535725580717169692e+01,-9.355409757743988308e+00,2.480035703895822152e+01,1.405098716484765120e+01
5.547067217278296880e+00,1.983177639572090811e+00,-1.584471532501711977e+01,-9.984786309135653681e+00,2.474587632549868488e+01,1.344389055556945678e+01
5.683892241467525253e+00,1.982835538756603455e+00,-1.632984614482933239e+01,-1.054316522697196312e+01,2.410109578585227652e+01,1.239954461121283202e+01
5.826903464404936450e+00,1.974625807787219856e+00,-1.682257314366719925e+01,-1.120501539074094488e+01,2.395597812776285451e+01,1.266421793463780077e+01
5.968611586242028366e+00,1.971992084181579230e+00,-1.730966112697458925e+01,-1.152319197042094068e+01,2.369702969340875498e+01,1.290936579299719078e+01
6.105628000309302195e+00,1.960965396139272343e+00,-1.779859822787679491e+01,-1.191509014788633181e+01,2.348368804581493308e+01,1.178397590610402013e+01
6.227573969035099744e+00,1.952973007536684236e+00,-1.830130962078479229e+01,-1.243060579047847014e+01,2.339367158770499699e+01,1.179409283385783525e+01
6.346121587519607310e+00,1.927204440530886131e+00,-1.879368029468625423e+01,-1.272319256121046038e+01,2.294252844588118379e+01,1.215568595457546053e+01
6.462420969242364421e+00,1.916185375353848030e+00,-1.928948169452343109e+01,-1.393882957234664843e+01,2.349168941746304640e+01,1.100071552771577643e+01
6.583216707088441311e+00,1.877254411808735313e+00,-1.978460441409183090e+01,-1.438772813013283169e+01,2.272412171182379481e+01,1.034674303579015664e+01
6.704124040812847518e+00,1.854544276899787292e+00,-2.028122172952012647e+01,-1.502818619007592638e+01,2.262640977872350234e+01,9.097784048427467241e+00
6.827782098508062170e+00,1.818984269844918344e+00,-2.078151821565938917e+01,-1.599258144346856447e+01,2.297593192747382673e+01,1.025116331271626713e+01
6.942802230736806024e+00,1.781689734099586531e+00,-2.128121269142371830e+01,-1.572503901039807594e+01,2.204620544406317606e+01,1.001365343467704250e+01
7.056899871839480198e+00,1.741677109216652752e+00,-2.178905681141372952e+01,-1.660790842877620932e+01,2.212711534140285607e+01,9.206143043270852644e+00
7.170342750867266801e+00,1.700913915620276384e+00,-2.229043938371475519e+01,-1.709950301018871599e+01,2.203979528791445119e+01,7.943514467805941948e+00
7.276674032671001768e+00,1.655557100001487925e+00,-2.279583761000617415e+01,-1.782680857762754201e+01,2.185172262542049992e+01,9.496297625572687195e+00
7.376766249949702647e+00,1.616345210450504055e+00,-2.330002187882539033e+01,-1.865395551353667969e+01,2.202289108940489726e+01,8.620618740919873346e+00
7.468049595408314367e+00,1.566657941342214144e+00,-2.381227490764408117e+01,-1.840324608445191856e+01,2.121753885663049033e+01,7.447992233511404159e+00
7.558514325818356028e+00,1.526037559355131634e+00,-2.433068865277249415e+01,-1.950489010276963242e+01,2.127701982036181860e+01,7.367503410885062998e+00
7.652524553218681191e+00,1.468909969096785062e+00,-2.483861467560959113e+01,-1.951181763382042789e+01,2.057283913881065018e+01,7.016352125689938823e+00
7.739895751370445609e+00,1.418879062424139192e+00,-2.534979827885069881e+01,-2.055612565045272078e+01,2.092586860334382948e+01,6.254342396256480363e+00
7.834640660310740579e+00,1.354632380752263998e+00,-2.586250210931788729e+01,-2.062481792652534551e+01,2.043322393279242988e+01,6.017570552882770762e+00
7.914270996148541570e+00,1.298958152880004491e+00,-2.637750843609447315e+01,-2.123749792345100929e+01,2.025821259458569656e+01,5.436582521601724949e+00
7.989080784275421010e+00,1.231840947463865632e+00,-2.690048980915065613e+01,-2.202576651799293117e+01,2.001466599120940160e+01,5.277288395807648413e+00
8.066904540998550033e+00,1.172492673941746943e+00,-2.742258178907817978e+01,-2.236601299086366268e+01,1.959527439149061578e+01,4.982018004964817948e+00
8.130502635022549995e+00,1.107041768571775719e+00,-2.794289822624321573e+01,-2.291606761490761102e+01,1.948114480664010273e+01,5.162501798132077546e+00
8.212179441221911347e+00,1.047602531127608927e+00,-2.846656266401515722e+01,-2.390942147269721119e+01,1.951984589855508290e+01,5.164157968489289097e+00
8.284744051916725027e+00,9.769269614256472778e-01,-2.898889198535488276e+01,-2.399338518621388872e+01,1.903123291748488910e+01,4.795714152305357914e+00
8.351843509676795563e+00,9.024582833329759524e-01,-2.951599947606260343e+01,-2.443286720225128761e+01,1.854688799239165320e+01,4.651354864987723658e+00
8.423773012426577722e+00,8.312658386083739970e-01,-3.003981817665578546e+01,-2.405087038514472653e+01,1.780073102764986004e+01,3.777495458013361063e+00
8.485609802859494621e+00,7.680756555618017956e-01,-3.056808428776173514e+01,-2.464691197316491511e+01,1.737743177358469637e+01,3.436356188138655732e+00
8.538151844751899588e+00,7.035929136369531989e-01,-3.109367761526519303e+01,-2.471520593490529194e+01,1.715287778260032781e+01,3.388348822112610126e+00
8.581541547670697767e+00,6.173625727312810341e-01,-3.162576603454760971e+01,-2.491903072501902372e+01,1.638274882771981211e+01,3.252318569647363766e+00
8.626012361385571481e+00,5.659608645613616318e-01,-3.215742143623157290e+01,-2.565010895658614842e+01,1.614092332002253372e+01,2.239750946866196024e+00
8.681080064001877261e+00,4.945844895188429291e-01,-3.268261642985763160e+01,-2.566289572158412113e+01,1.593475248502059216e+01,2.056755119732375903e+00
8.723113034397625754e+00,4.238113154063967158e-01,-3.321975789996588446e+01,-2.645484234207135543e+01,1.550740195746116434e+01,2.024165973220214187e+00
8.765712708862452018e+00,3.591598147362446980e-01,-3.374831540092608861e+01,-2.631764566488786272e+01,1.498034261408976953e+01,1.493741542106707287e+00
8.807015699734074943e+00,2.753887002548935925e-01,-3.429123298189259117e+01,-2.673602317504367676e+01,1.471732564492581119e+01,1.630556009082556601e+00
8.854707802939685735e+00,1.967220279469756861e-01,-3.483223709659418432e+01,-2.654134998093789832e+01,1.362183882927280720e+01,1.005253731839573117e+00
8.894752692639452007e+00,1.256938931770719137e-01,-3.537080765822727813e+01,-2.698551740400472809e+01,1.357229514955085570e+01,1.000199447745500292e+00
8.931359082217589673e+00,5.177363959353442624e-02,-3.590555552673285433e+01,-2.675296338433119914e+01,1.257572524783072865e+01,6.710951475264383959e-01
8.963515086437229940e+00,-3.478727271829029632e-02,-3.644606082876217101e+01,-2.696232327795129180e+01,1.192154876648936401e+01,1.000822435989947357e+00
8.996016290684000438e+00,-1.029330480835142225e-01,-3.699471150934812158e+01,-2.730286373090111240e+01,1.134638495384687573e+01,6.117473956481863651e-01
9.022790429879753660e+00,-1.954926069906832709e-01,-3.753797162402810272e+01,-2.694361432836510062e+01,1.087132811500174867e+01,4.138832957413650093e-01
9.054642254811799518e+00,-2.748718232554665519e-01,-3.808196377674050837e+01,-2.698608250836668887e+01,9.839777256189268684e+00,2.832109541724867063e-01
9.091154933061467602e+00,-3.541971205380605170e-01,-3.863318959209539116e+01,-2.681472470760352067e+01,8.857576348545567413e+00,-1.047930399388049931e-02
9.123874604140452149e+00,-4.385288305030599076e-01,-3.916644013149829107e+01,-2.668010804476858056e+01,8.367649247656338218e+00,1.491457350046007935e-01
9.145119835423333399e+00,-5.157501229336958204e-01,-3.972004021186688760e+01,-2.645890228390549126e+01,7.531891470521772547e+00,-1.065870670767606054e-01
9.171695294258455533e+00,-6.047416954297659686e-01,-4.026962306273648551e+01,-2.628890097892666233e+01,6.707362952340040430e+00,7.852914190214810297e-02
9.190969559553325396e+00,-6.765598161101706864e-01,-4.082886321707445632e+01,-2.655436629761910083e+01,5.675642741956123949e+00,-3.101042640275070816e+00
9.214597652673866435e+00,-7.635117353371470017e-01,-4.138289169334123585e+01,-2.661514940386395978e+01,5.546558424592364034e+00,-2.990691817142089093e+00
9.235478454737513943e+00,-8.488315922126048463e-01,-4.192899446229807836e+01,-2.617546383252486564e+01,4.856737446468542885e+00,-2.116268701719985934e+00
9.258639605479245915e+00,-9.560749856805159652e-01,-4.249151170088663321e+01,-2.595403466677027637e+01,3.689485685066619336e+00,-2.820681695111063814e+00
9.292424224464969740e+00,-1.049675795548637325e+00,-4.304025677546172801e+01,-2.512108333127811832e+01,2.502044374776514868e+00,-3.233376707181635723e+00
9.305215965484451957e+00,-1.140378006372088748e+00,-4.360044178658571923e+01,-2.488962928302671429e+01,2.140025664177217735e+00,-3.195060257732989850e+00
9.368520664280701737e+00,-1.224016607846124316e+00,-4.414889149583552808e+01,-2.327104880604272097e+01,7.118560143894935299e-01,-3.807088664679208811e+00
9.374427263114384345e+00,-1.310360961047877026e+00,-4.470868083723809150e+01,-2.295830635166888101e+01,-1.419433464903970377e+00,-4.512408593629850806e-01
9.404440133818230407e+00,-1.402651289208961316e+00,-4.526926321780365470e+01,-2.270498007665818818e+01,-1.899151480334319020e+00,1.957271296803304805e+00
9.422389024733314855e+00,-1.500269943499915826e+00,-4.584358346991200506e+01,-2.151611926707090561e+01,-3.607086457177651972e+00,1.520821903169883527e+00
9.443633373440793122e+00,-1.588778309327608440e+00,-4.640879769377255570e+01,-2.149036924383838354e+01,-4.510277160767849125e+00,-1.001177851491794835e+00
9.473505483157312668e+00,-1.682075823284094440e+00,-4.698165221910366540e+01,-2.072782619693226280e+01,-5.414064376065066853e+00,-9.201251318557229775e-01
9.501342199733947780e+00,-1.779347171505150982e+00,-4.755733258972645672e+01,-1.988518920875464957e+01,-6.146620764253640345e+00,-1.099159385188370308e+00
9.551250893041054013e+00,-1.872530690092389705e+00,-4.813298105589936426e+01,-2.002673490755632102e+01,-7.951632481042012479e+00,-1.894831781082982891e+00
9.588358969042442226e+00,-1.962083299566074857e+00,-4.872027987070350719e+01,-1.844539800055463630e+01,-7.963167987984729024e+00,-1.489007681368554881e+00
9.624335315187842355e+00,-2.036877671885235941e+00,-4.929170864604046187e+01,-1.743812538198348960e+01,-9.254958011146895203e+00,-1.064715683669781310e+00
9.669350002147439227e+00,-2.121976365382693075e+00,-4.988079728727103657e+01,-1.726500813249008814e+01,-1.050039970920411925e+01,-1.632953048240934013e+00
9.705625581611792896e+00,-2.214232367237173094e+00,-5.046316951946914742e+01,-1.603681962364773739e+01,-1.147122963752526736e+01,-1.548305504053216319e+00
9.747336788018513332e+00,-2.298164269425228667e+00,-5.104893349014946580e+01,-1.581906071232571165e+01,-1.308207297530417534e+01,-2.061408363126706167e+00
9.795943176750226300e+00,-2.386343817173496973e+00,-5.164589447627480467e+01,-1.489458370164364176e+01,-1.392214659797410370e+01,-2.229994717612064914e+00
9.844906782429299952e+00,-2.473023051316772580e+00,-5.223652223535515304e+01,-1.373427177405722865e+01,-1.464051746085085171e+01,-2.497296017259856171e+00
9.904991391091654052e+00,-2.552690510933757650e+00,-5.282754802658689641e+01,-1.271599783930411576e+01,-1.566233647746213009e+01,-2.624934744048136093e+00
9.971940185787001809e+00,-2.630625839395179355e+00,-5.342369186467928444e+01,-1.170008090776201648e+01,-1.672059467021900048e+01,-2.598120039857397590e+00
1.003675389829674636e+01,-2.711893014359816334e+00,-5.401745562911696652e+01,-9.538658992825599370e+00,-1.665508461656421701e+01,-3.346921611136235875e+00
1.009866817167422326e+01,-2.784120662203349639e+00,-5.462242406587063215e+01,-8.430208329088161534e+00,-1.738708680095525239e+01,-4.601178725151523707e+00
1.015481304188623390e+01,-2.855928195000842607e+00,-5.522857919123089232e+01,-7.546764944910599127e+00,-1.806398077485301101e+01,-4.378970196866862175e+00
1.021715220831634952e+01,-2.917320150455680050e+00,-5.582873416566752667e+01,-5.952061577118538338e+00,-1.889558000035540175e+01,-3.805661670553714071e+00
1.029556992557404094e+01,-2.977813746655897376e+00,-5.643569568201286302e+01,-5.045671075225667934e+00,-1.970923860976642317e+01,-4.743827803282189670e+00
1.036615104887160932e+01,-3.037672441506060750e+00,-5.703571604959694241e+01,-3.541716742299654719e+00,-2.041663328941683631e+01,-4.436942372629941289e+00
1.045707600488092304e+01,-3.087535394363612795e+00,-5.763945448686033046e+01,-2.550038080014901620e+00,-2.146658589297417663e+01,-5.127456894932061360e+00
1.054831627849087283e+01,-3.134703220600840723e+00,-5.824751365523525237e+01,-1.224016148221360734e+00,-2.200162756535318564e+01,-5.567370511169717595e+00
1.064600462442109929e+01,-3.184325615361103701e+00,-5.886504501288413849e+01,-8.033894054810679364e-02,-2.226003684151948647e+01,-5.797179355743496743e+00
1.075450939795858218e+01,-3.241424294338230538e+00,-5.948453396872454846e+01,3.002499858948356692e+00,-2.259247075523659021e+01,-4.523396299509264473e+00
1.086046188554890435e+01,-3.249155405271153541e+00,-6.009027369679520802e+01,3.701322961512677701e+00,-2.291626659417985579e+01,-5.170186149713533297e+00
1.095870929812278227e+01,-3.285578222385879599e+00,-6.069474779513595308e+01,5.157212286138619817e+00,-2.366180075720227904e+01,-5.318513590094982035e+00
1.106898709305020745e+01,-3.314206981245774841e+00,-6.130162809669067769e+01,6.575730742363847803e+00,-2.376690209132233633e+01,-5.218748568125328724e+00
1.118611452273054141e+01,-3.336992138480695758e+00,-6.190289407120005194e+01,7.707359598747726359e+00,-2.363053593188466905e+01,-5.052392417128485747e+00
1.129827555834079789e+01,-3.360207568107057341e+00,-6.250724541011382485e+01,9.495561810336729636e+00,-2.422004818388393588e+01,-5.739794869034840374e+00
1.142453098263759159e+01,-3.364613780530362419e+00,-6.310554887073703867e+01,1.063575769891292033e+01,-2.433741421463448873e+01,-6.641282840494278972e+00
1.154902836400768784e+01,-3.368010160664653085e+00,-6.370540721806216311e+01,1.194259687184665530e+01,-2.449076825187869133e+01,-6.275664142490929187e+00
1.167005368707669710e+01,-3.372199335376649287e+00,-6.431012975512459207e+01,1.336227756477969919e+01,-2.442403911562998076e+01,-6.376776511478111864e+00
1.179242543034501800e+01,-3.365174454065936516e+00,-6.491084980191789100e+01,1.500885365400043803e+01,-2.462845011611305068e+01,-6.723331062563967286e+00
1.191306414936117974e+01,-3.347303258814918081e+00,-6.550669980298590644e+01,1.628068361710255729e+01,-2.425396940865983098e+01,-7.380571471540561035e+00
1.203543840599921388e+01,-3.328154775985922242e+00,-6.610060654093399535e+01,1.730625043143455599e+01,-2.382227250740568891e+01,-7.082114919886003612e+00
1.216152406298449762e+01,-3.296832298254457783e+00,-6.669789347155659698e+01,1.885056772583703832e+01,-2.382997765376362764e+01,-8.442558513402190101e+00
1.228620329533366196e+01,-3.264701807869869299e+00,-6.729173086454494523e+01,1.992932566532414285e+01,-2.362920382955815768e+01,-8.019469761643554406e+00
1.241264427731490194e+01,-3.230335239981286577e+00,-6.788015362441245770e+01,2.122404046718335024e+01,-2.321430064693000261e+01,-8.105054258600118189e+00
1.253778698407608161e+01,-3.185554612054374957e+00,-6.846641124431687331e+01,2.240981965972962087e+01,-2.297922340199234270e+01,-8.836709582230438897e+00
1.267100994348500187e+01,-3.125523191685374513e+00,-6.904826402627924153e+01,2.342967598007858498e+01,-2.253789227465238554e+01,-9.111014545272096754e+00
1.279082184605672978e+01,-3.066001283266587052e+00,-6.963671964187676622e+01,2.421861929116858292e+01,-2.179214498137000788e+01,-9.385982715661775444e+00
1.291614995236178487e+01,-3.006810360936697180e+00,-7.021722858540348966e+01,2.597548173305454711e+01,-2.149020832611461884e+01,-9.534137572224931745e+00
1.304787328698963833e+01,-2.931266829213655001e+00,-7.079516259905580000e+01,2.710606821016471102e+01,-2.105126346711937657e+01,-9.767629410179214489e+00
1.316491041629994996e+01,-2.853920671644459617e+00,-7.136758095601263108e+01,2.779871028559612967e+01,-2.050217460888121579e+01,-1.006894344399855967e+01
1.328791677616012379e+01,-2.776091444114854312e+00,-7.192783173642098404e+01,2.882060903085721648e+01,-1.998760184684727648e+01,-1.046818479562702997e+01
1.341045673987740194e+01,-2.692490615874135074e+00,-7.250524637685052198e+01,2.979753838275977884e+01,-1.927943107662645161e+01,-1.086564010154660842e+01
1.352693110057897030e+01,-2.595962981580214546e+00,-7.307314099627700443e+01,3.058962121933404177e+01,-1.836111805947949094e+01,-1.110713161619718470e+01
1.365072402285913711e+01,-2.502715693860523061e+00,-7.364105374251434455e+01,3.416389740811181497e+01,-1.794937168105538916e+01,-1.164518971602037567e+01
1.376311085007866808e+01,-2.403023067294043358e+00,-7.419635091223526047e+01,3.251682443754633312e+01,-1.696977913659774018e+01,-1.205774762842586867e+01
1.386704028510095910e+01,-2.298915681891230633e+00,-7.476013223217151449e+01,3.289175550556751659e+01,-1.587779502905810425e+01,-1.246074622257289555e+01
1.397297228013309400e+01,-2.176166789795161094e+00,-7.531646247372592029e+01,3.409245150389020296e+01,-1.489464792820224481e+01,-1.270662248312930842e+01
1.407039606665511045e+01,-2.060814070852870827e+00,-7.587352077813764595e+01,3.553129832677054623e+01,-1.369723439953554589e+01,-1.308450624513642779e+01
1.416649340830399417e+01,-1.941879105194288968e+00,-7.643524340506294834e+01,3.615561142589221078e+01,-1.272051783666314329e+01,-1.322748964741341382e+01
1.426363194586373417e+01,-1.826942271642792548e+00,-7.697997935346654685e+01,3.637558317548698028e+01,-1.191716058672924206e+01,-1.392696595837491991e+01
1.435600866559654243e+01,-1.692677379809992999e+00,-7.753029243160025885e+01,3.696481075373906577e+01,-1.066519115464966205e+01,-1.407852763974515931e+01
1.445362607911159714e+01,-1.572866837951551133e+00,-7.807841052770754686e+01,3.771568788144359274e+01,-9.400742136768519330e+00,-1.500650022512259518e+01
1.453191171565519113e+01,-1.441920430776690409e+00,-7.862261931034086615e+01,3.804574365257072799e+01,-8.748031391920076061e+00,-1.492964760960398074e+01
1.461930122886028549e+01,-1.302042830759774006e+00,-7.916844769585216568e+01,3.844610236890259358e+01,-7.339465973901228679e+00,-1.579779515231220799e+01
1.468786616431804504e+01,-1.170113242564184475e+00,-7.970985068815542718e+01,3.860097177812228608e+01,-6.307137603099898016e+00,-1.605009644771358523e+01
1.475045914187725415e+01,-1.034380038290350967e+00,-8.025415573198017682e+01,3.934362465114534047e+01,-5.460588558685222971e+00,-1.599264393231838355e+01
1.480918791937896728e+01,-8.991636530211053469e-01,-8.079610069443876341e+01,4.044877432363987424e+01,-5.163244415952623179e+00,-1.566798273339125380e+01
1.486852259644192209e+01,-7.555791354915299962e-01,-8.133936453863489646e+01,4.013812379626948967e+01,-3.612421703476449419e+00,-1.624457730353487150e+01
1.492826235708764493e+01,-6.118078652771146153e-01,-8.187853043473455728e+01,3.964738121726421127e+01,-1.857581847662452823e+00,-1.722570247559395185e+01
1.497767146762214274e+01,-4.659625776712346124e-01,-8.241753481322621155e+01,4.008269116878023652e+01,-1.126879426312313193e+00,-1.700659994642727568e+01
1.502982911707906233e+01,-3.167147873417661685e-01,-8.295353325212664686e+01,3.990739822443757845e+01,5.879322573523054762e-01,-1.803958195682625032e+01
1.506828578054418344e+01,-1.700554115760724017e-01,-8.349085834734810874e+01,4.019233620139524277e+01,1.219431702053993982e+00,-1.763276846637945638e+01
1.509400193365341991e+01,-1.881867495728783979e-02,-8.403505340320907635e+01,3.970215563939917303e+01,2.709415151842196945e+00,-1.841246013484060029e+01
1.511702217791343728e+01,1.489762376002090605e-01,-8.457602632909456020e+01,3.897027508002845053e+01,4.889064701688761616e+00,-1.901874175978434423e+01
1.513433354309128909e+01,3.071488796417725098e-01,-8.511286054504910226e+01,3.848440642052847238e+01,5.967016822139120436e+00,-1.966749183733366024e+01
1.514998272567769710e+01,4.467421464933067909e-01,-8.564351247057263095e+01,3.826454123237302696e+01,7.764769898665833558e+00,-2.045685795411810659e+01
1.515570368368063292e+01,6.054952037490011207e-01,-8.617242213665991812e+01,3.826785148417096849e+01,8.639489902109207975e+00,-2.083186803097177986e+01
1.515442359423929197e+01,7.454048616643831338e-01,-8.671167669461920013e+01,3.785880626668866000e+01,9.737300491727365781e+00,-2.075473897689888148e+01
1.515606111489940133e+01,8.873880271264624753e-01,-8.724495838949889048e+01,3.762537559302764834e+01,1.143800709378379565e+01,-2.178766780732436104e+01
1.514924511006679353e+01,1.031608609850309222e+00,-8.777718295877386367e+01,3.718318947384101136e+01,1.236685805079758360e+01,-2.092986461187017966e+01
1.513189549561112202e+01,1.170098387721168365e+00,-8.830825218979003921e+01,3.651016499693643880e+01,1.406244302245782052e+01,-2.234159556319227136e+01
1.511083047635549725e+01,1.313367716918946826e+00,-8.883604319317532827e+01,3.613116733482660692e+01,1.491653501384354996e+01,-2.196147981207507982e+01
1.508164269264448087e+01,1.458068620113181169e+00,-8.936584227431951888e+01,3.591020643355330577e+01,1.655572465068523513e+01,-2.292372824382575658e+01
1.505450275555422124e+01,1.598705213491939503e+00,-8.989116135241476968e+01,3.556884047269526405e+01,1.761740859135507975e+01,-2.323483548617855021e+01
1.501404315872104078e+01,1.738688174681556120e+00,-9.041835142280780246e+01,3.492338800758183481e+01,1.909444955745973260e+01,-2.385497454943826767e+01
1.497491240139245683e+01,1.871536583592614988e+00,-9.095273510598627809e+01,3.423828135185691224e+01,2.013014502147825979e+01,-2.361830676100682780e+01
1.492714204558306434e+01,2.003698650299611472e+00,-9.147900681682952495e+01,3.384967929873706538e+01,2.164639004088046548e+01,-2.405276515414227845e+01
1.487158100993597287e+01,2.142042746215111038e+00,-9.199956687858572479e+01,3.305941340377400195e+01,2.285806322758897835e+01,-2.449011666721006364e+01
1.481600190149416640e+01,2.268109918652612578e+00,-9.252549258682408606e+01,3.264140346468358445e+01,2.407244415437908103e+01,-2.505621341094498078e+01
1.475086511911024090e+01,2.397101472680674306e+00,-9.304973360510447833e+01,3.073746196533731023e+01,2.576921584661845444e+01,-2.566513432623450441e+01
1.467990718366345426e+01,2.528705210789439661e+00,-9.357762407389139980e+01,3.007850042076723440e+01,2.675082762229491706e+01,-2.598185057214381288e+01
1.460544275284064142e+01,2.642432541253015188e+00,-9.409967669229123999e+01,2.938898577529485578e+01,2.714060641725633971e+01,-2.699177802179706021e+01
1.452611348977438510e+01,2.768422525478172247e+00,-9.461958082162104233e+01,2.849560426501984622e+01,2.849785629209964455e+01,-2.607230278965532833e+01
1.444984479014369327e+01,2.884493831455529289e+00,-9.514532973530792503e+01,2.761714563985245974e+01,2.992946597099993866e+01,-2.637441727864252528e+01
1.436632933794510514e+01,2.994275382370233274e+00,-9.566726910279204787e+01,2.668288010635939855e+01,3.070641528583872315e+01,-2.732404258504903893e+01
1.428690723968548149e+01,3.101262974205724277e+00,-9.618847713675768318e+01,2.542529246359940842e+01,3.218534254127962413e+01,-2.723030979204975921e+01
1.419944076460607718e+01,3.211512539900127194e+00,-9.670549428037732298e+01,2.316831412563758974e+01,3.496120548024801877e+01,-2.789434076076374325e+01
1.410252349686049023e+01,3.313266006684102649e+00,-9.722632448511468795e+01,2.228734352212111247e+01,3.544454478826308730e+01,-2.839445037926098436e+01
1.399858733622155427e+01,3.412541563430750102e+00,-9.774474072168752059e+01,2.136488288826475213e+01,3.535532104101584849e+01,-2.862643686901248685e+01
1.389341103792486898e+01,3.515281011110914733e+00,-9.826345768334118702e+01,2.062896238674853677e+01,3.601554701613618903e+01,-2.828102411997984333e+01
1.377826064926972904e+01,3.603306815999189894e+00,-9.878626771896290393e+01,1.867793289794925826e+01,3.769917647979337261e+01,-2.941007689255560464e+01
1.366318641543344192e+01,3.695076578464522754e+00,-9.930886100476988076e+01,1.770036406171419330e+01,3.791197874498301701e+01,-2.946347371850731989e+01
1.354141500455106417e+01,3.791821285160608568e+00,-9.982765035472704085e+01,1.621857708886484772e+01,3.940820451601474872e+01,-2.990172190350300951e+01
1.342604435973195010e+01,3.878714283445560795e+00,-1.003390851820555838e+02,1.397690137154384793e+01,4.011898875646564733e+01,-3.372141743746784925e+01
1.330288043079335836e+01,3.956431635578724126e+00,-1.008582840187435608e+02,1.354267947003758010e+01,4.020887782559292845e+01,-3.116202403207409688e+01
1.318708417812439393e+01,4.033100464669928442e+00,-1.013726677001270815e+02,1.203638368385978374e+01,4.059008317658795306e+01,-3.159955459033940883e+01
1.305524129233500119e+01,4.107509411157138857e+00,-1.018881630535836251e+02,9.789723958506701962e+00,4.257026282585082555e+01,-3.427739675756930637e+01
1.292785717317568306e+01,4.167992904277639354e+00,-1.024069712358475073e+02,8.255026752584639027e+00,4.308963427256494327e+01,-3.524782986554546227e+01
1.279445733197915303e+01,4.240220899157293388e+00,-1.029276060764944845e+02,6.118034735895527376e+00,4.339926188045824063e+01,-3.517746785753131178e+01
1.266008533228892219e+01,4.288663147555553223e+00,-1.034389808936133193e+02,4.757425032650750119e+00,4.409867239837069519e+01,-3.554370276611709301e+01
1.253402638391055035e+01,4.329846865875651929e+00,-1.039526824066870461e+02,3.519617405951510403e+00,4.451774114194972753e+01,-3.530460742161404397e+01
1.240309544935287711e+01,4.370351379667340552e+00,-1.044668138855550836e+02,1.367715395518166011e+00,4.534066645017018260e+01,-3.584833350549487108e+01
1.226434255151240116e+01,4.410785516927944627e+00,-1.049775707410419585e+02,6.901905702987999689e-04,4.551105828801788533e+01,-3.530260267457765622e+01
1.213000609145731978e+01,4.443059936120903330e+00,-1.054970802633225446e+02,-1.571936495176810888e+00,4.583860932385631770e+01,-3.556457910312050785e+01
1.199914174713230075e+01,4.469885319248533051e+00,-1.060174736491126453e+02,-4.013926520647441265e+00,4.648692949369127803e+01,-3.622670176617126714e+01
1.184178244531556778e+01,4.489345937180360124e+00,-1.065177698953000487e+02,-5.077247328039600660e+00,4.669225634941441427e+01,-3.641500029443600539e+01
1.169798290572387955e+01,4.516625745321448449e+00,-1.070306590868326424e+02,-7.691095993575753909e+00,4.678132757590102386e+01,-3.654971610221556233e+01
1.154825793339990803e+01,4.543367854411712869e+00,-1.075509970698051205e+02,-9.063244247340103144e+00,4.711309568752999866e+01,-3.651550523484903721e+01
1.140318836192568952e+01,4.535883882471466677e+00,-1.080493752066135897e+02,-9.841217610478919298e+00,4.760595808508354310e+01,-3.754868924052863832e+01
1.125242553132560985e+01,4.544853922424408665e+00,-1.085594690446596502e+02,-1.143776933482192604e+01,4.784878210782878227e+01,-3.760337129627281882e+01
1.110787570436964522e+01,4.541298426495700369e+00,-1.090656478715246607e+02,-1.345264116561887668e+01,4.752425525449108079e+01,-3.766406345560795899e+01
1.096595363808402901e+01,4.546880593105242951e+00,-1.095693550944568386e+02,-1.498801546348508040e+01,4.763081689860631229e+01,-3.798414251531544750e+01
1.081238027118076950e+01,4.501266879868808246e+00,-1.100670097265577709e+02,-1.611272162342993752e+01,4.787494690741541348e+01,-3.869788231485080132e+01
1.067343572822668563e+01,4.493705271736757823e+00,-1.105635877496332853e+02,-1.881638756607068075e+01,4.739690916145580957e+01,-3.924036437971300728e+01
1.053211858896094100e+01,4.456248314571553237e+00,-1.110512587481764086e+02,-2.071170350682074712e+01,4.708758142015327763e+01,-3.934931352167976115e+01
1.038607294840043593e+01,4.411542537536206510e+00,-1.115488753313921819e+02,-2.207404361144114802e+01,4.716101075743831217e+01,-4.003767936884450052e+01
1.024185537036064098e+01,4.367235222424142194e+00,-1.120380414510981666e+02,-2.384906535049258736e+01,4.723123262481028206e+01,-4.100074820099212758e+01
1.010095017486795932e+01,4.321225803159450152e+00,-1.125209543942706460e+02,-2.507141084650958263e+01,4.689203372621922483e+01,-4.206915249555888181e+01
9.957050950507873921e+00,4.253109904030452526e+00,-1.130211152626677631e+02,-2.929338774942165458e+01,4.565557298403805220e+01,-4.462845169337715845e+01
9.830688569306206048e+00,4.187730520354648434e+00,-1.134989097773038651e+02,-3.087104585539838553e+01,4.530667193172173057e+01,-4.568806148355304231e+01
9.696474065993236024e+00,4.113246400265438751e+00,-1.139892254437662018e+02,-3.310785822919750387e+01,4.440171807718829911e+01,-4.616760615317458161e+01
9.562306356081933245e+00,4.037824969491680349e+00,-1.144691684093723580e+02,-3.407202162028180226e+01,4.409653686066217659e+01,-4.675047122581860748e+01
9.420230149292819988e+00,3.958314438061051987e+00,-1.149467665208859302e+02,-3.602807799103131003e+01,4.353189989664124937e+01,-4.623371477613868308e+01
9.279900195488083980e+00,3.873060856982874611e+00,-1.154257176838261643e+02,-3.667598759484845772e+01,4.363024521502396169e+01,-4.751178760559420056e+01
9.146883374788632892e+00,3.791264833196919426e+00,-1.159020583814264000e+02,-3.827890256128382873e+01,4.273102677728744681e+01,-4.799309720960852133e+01
9.008719131460546592e+00,3.697454355634135936e+00,-1.163703532384274837e+02,-4.015713275232580770e+01,4.244550029634101662e+01,-4.817132803517647233e+01
8.882486891714735933e+00,3.611110294171680835e+00,-1.168421598680317999e+02,-4.135829493769448817e+01,4.171956615537072111e+01,-4.887538016763423343e+01
8.760546500083284727e+00,3.517384632015705392e+00,-1.173098120118034871e+02,-4.322762407377944527e+01,4.103898210821657244e+01,-4.904706051471711703e+01
8.646180308169270745e+00,3.417967975791384561e+00,-1.177761175066973465e+02,-4.421975075235905450e+01,4.041479821593591026e+01,-4.910746016585465412e+01
8.525843672637938297e+00,3.304996901107188023e+00,-1.182447240472361614e+02,-4.569164855454101115e+01,3.971880713733779800e+01,-4.915785516582604231e+01
8.408414898624393174e+00,3.200187854056139258e+00,-1.187086402961563891e+02,-4.713178757866835156e+01,3.901622420490151200e+01,-4.933790238537061867e+01
8.293562101106136453e+00,3.108073067657187494e+00,-1.191739321206038227e+02,-4.830841679644965581e+01,3.851991498148242954e+01,-4.953843746499234157e+01
8.184253641686751735e+00,2.992470149382597810e+00,-1.196344568364880843e+02,-4.965868282924264321e+01,3.772639317767546885e+01,-4.961714228830461337e+01
8.082725488585342788e+00,2.884064660450917472e+00,-1.200967398486816222e+02,-5.042343653168993001e+01,3.771871507209949215e+01,-4.977477179888929726e+01
7.988481664488287670e+00,2.762628231722487726e+00,-1.205613875729346489e+02,-5.226714841922508725e+01,3.595388128994153476e+01,-4.978975990767302306e+01
7.893625306384301155e+00,2.634018643638682988e+00,-1.210235287358071474e+02,-5.339079551065366047e+01,3.511882817253647460e+01,-4.974075001943621999e+01
7.809924343029979177e+00,2.515083793699773196e+00,-1.214913105993363587e+02,-5.474324459807895238e+01,3.367054883694049749e+01,-5.041780547378786537e+01
7.727108994623382188e+00,2.383640575994718347e+00,-1.219587525261167258e+02,-5.560735598001571844e+01,3.348276488086502667e+01,-5.037817564329704112e+01
7.647315601336525326e+00,2.261302159034812576e+00,-1.224246164681413092e+02,-5.679142058875061849e+01,3.228328783986984973e+01,-5.046260183446663206e+01
7.565804506358601245e+00,2.139431546039986642e+00,-1.228947257741586014e+02,-5.827037513428732751e+01,3.049321336708245767e+01,-5.024906877284104212e+01
7.485725471887648474e+00,2.019240282803139053e+00,-1.233608339827343627e+02,-5.921261750492335807e+01,2.992957892200155001e+01,-5.070482623721349569e+01
7.406872574365551465e+00,1.886963670443492447e+00,-1.238455277214480788e+02,-6.056862186670532822e+01,2.812579581080896673e+01,-5.033285168850643032e+01
7.333048232849363579e+00,1.772180531142794280e+00,-1.243106900918388078e+02,-6.137559556335852307e+01,2.812671770379283132e+01,-5.041685716376746740e+01
7.287782161195459629e+00,1.650352977983175151e+00,-1.247777971453552510e+02,-6.257687869653739909e+01,2.621693721494100160e+01,-5.052297572976010542e+01
7.241363412974137326e+00,1.515421945853631769e+00,-1.252534772902361624e+02,-6.355098922492049951e+01,2.527257329743217085e+01,-5.050646860393946014e+01
7.194024505214112963e+00,1.392620943586962312e+00,-1.257277084982067237e+02,-6.461295610924176458e+01,2.383285902552574242e+01,-5.039004775292310967e+01
7.142480459749100952e+00,1.269027890358984223e+00,-1.262051521917400265e+02,-6.568920115620284150e+01,2.240855469930367150e+01,-5.057418382263404766e+01
7.100212299409196071e+00,1.152275075884062971e+00,-1.266791534941806674e+02,-6.630625214785378319e+01,2.204232836742475854e+01,-5.092001012397593485e+01
7.051970817568316008e+00,1.022241813745267791e+00,-1.271571001042541695e+02,-6.756406151166420671e+01,2.014719520660546337e+01,-5.045091575428283903e+01
7.017656885785562793e+00,8.926808090761824133e-01,-1.276381350462417856e+02,-6.815826242323419137e+01,1.953091605174936163e+01,-5.038978502060724196e+01
6.990351348504947104e+00,7.615732819933782594e-01,-1.281248349581308617e+02,-6.919745069663309778e+01,1.805640528160931879e+01,-5.027711075062868673e+01
6.971153447232562250e+00,6.508978866677352926e-01,-1.286061919586811086e+02,-7.011071146389906517e+01,1.679289571913892942e+01,-5.005691943593018323e+01
6.960280645509096864e+00,5.272027985510021608e-01,-1.290947446477572953e+02,-7.092158792494420538e+01,1.543585816697852486e+01,-5.007979092247265385e+01
6.956280241965938416e+00,3.921203081172279781e-01,-1.295817833956983520e+02,-7.181592136069636467e+01,1.492031385714976821e+01,-5.034779237574437616e+01
6.959695213416165593e+00,2.454228882546658497e-01,-1.300726383401446924e+02,-7.263920900462690611e+01,1.461858865101872063e+01,-5.055958864652328089e+01
6.966565615755073715e+00,1.033344346639069045e-01,-1.305673833900751220e+02,-7.358356912886445400e+01,1.304961323358647540e+01,-5.021427244862741190e+01
6.973356515435409797e+00,-2.305012115562021791e-02,-1.310666558790134388e+02,-7.429745533238725841e+01,1.251611697948797364e+01,-5.038818763095667919e+01
6.964099192717749354e+00,-1.575070616686389258e-01,-1.315658358112174255e+02,-7.492672681846495664e+01,1.218383577936347528e+01,-5.031566436237775264e+01
6.966514362491333934e+00,-2.862344647998043001e-01,-1.320719905298641379e+02,-7.619354806739848129e+01,1.102424762088036481e+01,-5.028115290038609686e+01
6.972840148984222886e+00,-4.096134081163427254e-01,-1.325744926888651207e+02,-7.719485825567508641e+01,9.586204122191798405e+00,-4.984166405004714306e+01
6.996906719680880293e+00,-5.351915709580907787e-01,-1.330761625185802473e+02,-7.784269255096539553e+01,9.420544776038264345e+00,-5.063285478372068127e+01
7.020819105142165562e+00,-6.550715821963422059e-01,-1.335814819655709584e+02,-7.858218546535366045e+01,9.142014173169906499e+00,-5.057826328098543200e+01
7.040357176628156743e+00,-7.824611973870787551e-01,-1.340838438725899096e+02,-7.943134953327967196e+01,7.176613115391997866e+00,-4.966218891202728969e+01
7.079053988770262151e+00,-8.993269497303799653e-01,-1.345843600424080932e+02,-8.015785490161708537e+01,5.462584573690101308e+00,-4.785656637826831172e+01
7.097390399583787257e+00,-1.017732420285369699e+00,-1.350941894584693159e+02,-8.091231448160661444e+01,3.930163859926369518e+00,-4.570768347441812551e+01
7.123064390313984973e+00,-1.139947367713375570e+00,-1.356042382284881000e+02,-8.181072437235201278e+01,2.939828060612576177e+00,-4.488757926921569208e+01
7.142624819256682578e+00,-1.254621551717491457e+00,-1.361242351147278953e+02,-8.295495713946040439e+01,2.320452329267162828e+00,-4.518504074818463323e+01
7.174719554912084796e+00,-1.367516546183082937e+00,-1.366404078055761602e+02,-8.371502355474821400e+01,3.102326413810254091e-01,-4.278221678225362723e+01
7.218434735227192256e+00,-1.487238130737523534e+00,-1.371589503209785903e+02,-8.424751727200793994e+01,-2.285238546080126998e+00,-4.087113275607400453e+01
7.267305395281328906e+00,-1.606581910762997722e+00,-1.376798315282475755e+02,-8.447327136905263956e+01,-3.371739046979844723e+00,-4.022028876089144234e+01
7.321671033041401877e+00,-1.727352244702615280e+00,-1.381971190689949367e+02,-8.836943758846420849e+01,-4.269448405034875771e-01,-4.851061221048102823e+01
7.376965142990673741e+00,-1.830792526762252237e+00,-1.387281938415897002e+02,-8.810575963580768644e+01,4.235422999592268312e+00,-5.233149585021201489e+01
7.435058177888418385e+00,-1.946346174048926514e+00,-1.392673913960430525e+02,-8.931073203339602173e+01,3.703973070324101169e+00,-5.211670470625094254e+01
7.488931357597953919e+00,-2.069527791512655313e+00,-1.397990258760316351e+02,-9.027402683515283854e+01,3.389446397466445937e+00,-5.222645577037285847e+01
7.553118907775263402e+00,-2.182677481777091089e+00,-1.403393959396574928e+02,-9.156382569621084144e+01,3.308686266364439188e+00,-5.168462247937483056e+01
7.598060491208400435e+00,-2.280817127630939467e+00,-1.408756564834681342e+02,-9.215734481089435803e+01,3.406458783933524082e+00,-5.213610579145552748e+01
7.648151407252831824e+00,-2.387322806746851711e+00,-1.414212411546808426e+02,-9.347005990269920517e+01,2.853782933887973883e+00,-5.182556509064375661e+01
7.708654360349649792e+00,-2.503318392515552659e+00,-1.419624068054925772e+02,-9.476679570097934402e+01,2.914278971077797209e+00,-5.116920645540209023e+01
7.708654360349649792e+00,-2.503318392515552659e+00,-1.419624068054925772e+02,-9.548844792572852214e+01,2.307771015889604094e+00,-5.212071059746545387e+01
7.774957079317191599e+00,-2.607595988852381197e+00,-1.425020229828347169e+02,-9.619276062167547536e+01,2.183736405782407797e+00,-5.142864590715208095e+01
7.857405992907905201e+00,-2.699508328663114298e+00,-1.430540905598712129e+02,-9.830330158859190703e+01,2.620437500258964825e+00,-5.185495544083605779e+01
7.919349187082421970e+00,-2.798612806000733144e+00,-1.436170663100527918e+02,-9.891552984554148509e+01,1.816952584055242959e+00,-5.050580675967731281e+01
7.983571137932205630e+00,-2.899166854189729747e+00,-1.441742840046503602e+02,-1.004403997382117666e+02,3.251127716997260997e+00,-5.170716505010937425e+01
8.044917637541560751e+00,-2.994965044192213099e+00,-1.447291699082265382e+02,-1.009500564500390851e+02,2.897406777999164795e+00,-4.941733123143121276e+01
8.109197609495760517e+00,-3.095972955941647342e+00,-1.452866892821064653e+02,-1.020697966182027585e+02,2.472285239834709714e+00,-4.934587071181445594e+01
8.172518437774057176e+00,-3.187751252096177268e+00,-1.458543053135794878e+02,-1.036208225186532985e+02,3.721510812350689701e+00,-4.886082892640456521e+01
8.232874181681518522e+00,-3.285912823781814041e+00,-1.464207814840821698e+02,-1.051415553165721946e+02,4.708180225180115031e+00,-4.965263813604042298e+01
8.300015954613620295e+00,-3.385533031009572369e+00,-1.469794063725057072e+02,-1.057619522897143156e+02,3.373949545043653853e+00,-4.774905729313816494e+01
8.374890562113362691e+00,-3.492262347028258773e+00,-1.475542504428170218e+02,-1.069710909994972212e+02,4.386399790421497080e+00,-4.665805204949563745e+01
8.444530330672311180e+00,-3.598580017209883408e+00,-1.481149875755752987e+02,-1.081552920909866202e+02,4.994435141656819788e+00,-4.621959417426443650e+01
8.513908578878121247e+00,-3.708555256821227886e+00,-1.486923376918280155e+02,-1.090505439299866453e+02,5.166388452619526284e+00,-4.493050517841160030e+01
8.573428491339756263e+00,-3.815998987059742831e+00,-1.492595663266386055e+02,-1.101068261484567188e+02,5.669348811619744133e+00,-4.441204675027064042e+01
8.632645789955212479e+00,-3.928447108824798306e+00,-1.498353690067598336e+02,-1.112313967407073960e+02,6.259048695145156493e+00,-4.315420563312809321e+01
8.694386678420785941e+00,-4.042325105196368895e+00,-1.504066354671829799e+02,-1.124699794080906798e+02,6.884030608452554212e+00,-4.201843707991964294e+01
8.749054273427535833e+00,-4.156757956342516991e+00,-1.509771482615519176e+02,-1.129791778300967167e+02,7.513842163309237598e+00,-4.127194501779440117e+01
8.802933638985924958e+00,-4.273322003196426522e+00,-1.515495480214291319e+02,-1.138568106359702341e+02,8.670692565754601233e+00,-3.991662669587719847e+01
8.852741961061406428e+00,-4.392257000204494943e+00,-1.521201110104261431e+02,-1.152829230089616175e+02,8.892636045103369469e+00,-3.886854479215598701e+01
8.898284677504921802e+00,-4.510019286233728053e+00,-1.526882156363184322e+02,-1.162525873954037650e+02,9.675871859391952157e+00,-3.811495341852721452e+01
8.946937526234234994e+00,-4.628286120706547990e+00,-1.532547287221492525e+02,-1.171091600776461945e+02,1.068656157630392833e+01,-3.628756699861774848e+01
8.982396536838599843e+00,-4.749129920007590044e+00,-1.538229096328552430e+02,-1.183818227278146935e+02,1.117655232621183181e+01,-3.488369723170418268e+01
9.010446104452707772e+00,-4.878736909984240810e+00,-1.543892726481319642e+02,-1.186459124517597417e+02,1.266584182187369123e+01,-3.387777865456688176e+01
9.041549131114816618e+00,-5.001383257486281764e+00,-1.549537224033122698e+02,-1.197554991757970413e+02,1.333483275170935123e+01,-3.259678171515037803e+01
9.054806816652307688e+00,-5.129054081906247120e+00,-1.555135503977131748e+02,-1.206101526895277374e+02,1.476766464331432971e+01,-3.162992525520116871e+01
9.090292681868382019e+00,-5.265139805657554462e+00,-1.560824064272545684e+02,-1.215554895588339974e+02,1.538531957768405078e+01,-2.944740484401017966e+01
9.097991442712654475e+00,-5.397313374477676007e+00,-1.566416546616816277e+02,-1.222474385022445631e+02,1.671766104027252808e+01,-2.849524442853171635e+01
9.122762841000961131e+00,-5.547760179726878960e+00,-1.572084707990326820e+02,-1.238268686190770183e+02,2.069504101811599028e+01,-2.764372729323931921e+01
9.128370103735218066e+00,-5.698623329523570646e+00,-1.577763960447106513e+02,-1.244789318218206944e+02,2.211355859093330523e+01,-2.530882210181814784e+01
9.131434157355329262e+00,-5.840618510512058492e+00,-1.583291714859551576e+02,-1.248264942829175936e+02,2.302603132187351065e+01,-2.328111660173428632e+01
9.123629253569388808e+00,-6.002990461505419262e+00,-1.588854378633774900e+02,-1.252522329718505176e+02,2.240516154251028169e+01,-2.189646677244516937e+01
9.114105168098138421e+00,-6.153661576600370609e+00,-1.594363788773550539e+02,-1.252904772643513382e+02,2.503994010365230238e+01,-2.028975047894047989e+01
9.092313578864443357e+00,-6.300553261805248439e+00,-1.599897831876617431e+02,-1.265249471728264155e+02,2.669890628915801045e+01,-1.910748290641419445e+01
9.066243474738747921e+00,-6.458167553833845886e+00,-1.605337523501179930e+02,-1.261704854367162056e+02,2.641006801598028630e+01,-1.634158203175720558e+01
9.032872990570339766e+00,-6.604094467077516128e+00,-1.610853583465030283e+02,-1.268963871745413599e+02,2.779527461293418256e+01,-1.535787887136819663e+01
8.993036206256114440e+00,-6.757102407856450554e+00,-1.616276169131545259e+02,-1.266216176523681582e+02,2.935288906095461670e+01,-1.376004189942857003e+01
8.949796606369652352e+00,-6.906715033649447832e+00,-1.621736462087411894e+02,-1.265767611581081837e+02,3.010425507288399061e+01,-1.146747420950016583e+01
8.905137578647211782e+00,-7.061026754515069115e+00,-1.627101183287011565e+02,-1.261223994472636463e+02,3.142484790919102267e+01,-9.337417097880308603e+00
8.850398741591217089e+00,-7.210724089439167983e+00,-1.632464797129018450e+02,-1.265752647409826466e+02,3.183120954307463890e+01,-8.024403568766494743e+00
8.789597849958552089e+00,-7.357196311348502604e+00,-1.637851591736625778e+02,-1.246134080616269557e+02,3.278927157329173525e+01,-5.862553684116342367e+00
8.716711369385548025e+00,-7.504142036222219758e+00,-1.643209978717043214e+02,-1.249854288123089248e+02,3.371246575543852941e+01,-4.354005219434644580e+00
8.638784901322644316e+00,-7.645612596310911613e+00,-1.648524302758807210e+02,-1.243269518036237997e+02,3.525732570592062132e+01,-2.571220315683861557e+00
8.560295220071543199e+00,-7.793658452526074143e+00,-1.653812949881640293e+02,-1.240620326321349438e+02,3.683083704604234043e+01,-6.840661526578741825e-01
8.473545917477453671e+00,-7.939209506510792380e+00,-1.659111011788420456e+02,-1.242393159854622837e+02,3.718995520987049730e+01,1.236104289488655583e+00
8.387621023675459142e+00,-8.087228120057716296e+00,-1.664384053969012598e+02,-1.238605070335329259e+02,3.910922670951447344e+01,3.236381530501290182e+00
8.284701874844435210e+00,-8.225154431920941533e+00,-1.669587075566456065e+02,-1.234945011125654730e+02,3.982817884407474196e+01,4.607594310317157493e+00
8.180872350593499931e+00,-8.361330846228725022e+00,-1.674863778208003566e+02,-1.228665449664715936e+02,4.073856492285008102e+01,6.138386041504035440e+00
8.057765497916411945e+00,-8.499070670769242497e+00,-1.680070586849798815e+02,-1.225132945465955032e+02,4.141041418146878073e+01,7.739819741017745613e+00
7.938328647953941442e+00,-8.629619186196805458e+00,-1.685218558660327517e+02,-1.220631799280614160e+02,4.223087014135197848e+01,9.453635419230877801e+00
7.813602146005093729e+00,-8.759316642915564444e+00,-1.690290132919307666e+02,-1.211884203402005653e+02,4.336156482223956488e+01,1.135596773590424036e+01
7.675978195712497509e+00,-8.874610602542020388e+00,-1.695407031440010428e+02,-1.204697689941360750e+02,4.408109464929548693e+01,1.254350503099466430e+01
7.535560007675899286e+00,-9.002433780068145097e+00,-1.700469033437640007e+02,-1.196596627759160469e+02,4.531254738914495306e+01,1.487693321220081444e+01
7.385293446819245489e+00,-9.105799481669691886e+00,-1.705522983893873175e+02,-1.190948774899510028e+02,4.612947435401979845e+01,1.619230890265186318e+01
7.247485163509616690e+00,-9.206938424962345380e+00,-1.710550741359394067e+02,-1.177945233657481197e+02,4.722606036973562738e+01,1.766447386937850084e+01
7.099191194797564997e+00,-9.313250394884335037e+00,-1.715559047445160843e+02,-1.167384607007330857e+02,4.816470224208389084e+01,1.855890562815731926e+01
6.950312956666388153e+00,-9.415329072651616116e+00,-1.720448415189508466e+02,-1.161537513319547656e+02,4.863433931890322981e+01,2.051901167133877024e+01
6.789288792564354580e+00,-9.508241576083833024e+00,-1.725391515177188353e+02,-1.152169281434264008e+02,4.958320622180955439e+01,2.218253010470392894e+01
6.636803012868283780e+00,-9.608606073034366091e+00,-1.730244603257947347e+02,-1.139680713705000557e+02,5.145495084184255319e+01,2.524625110882274015e+01
6.476160801177257120e+00,-9.687955005205253656e+00,-1.735195176855569912e+02,-1.123022941110737065e+02,5.234557201343336885e+01,2.590111316633938898e+01
6.307040951203861212e+00,-9.770279923504517683e+00,-1.739992923206221178e+02,-1.116836570019512465e+02,5.275199982981590807e+01,2.786958377186412150e+01
6.138701022293176379e+00,-9.846451632512639662e+00,-1.744903522535335867e+02,-1.105078890186104417e+02,5.340952420746644691e+01,2.925199448580051964e+01
5.999309111108856563e+00,-9.922008674881112711e+00,-1.749664898533164603e+02,-1.092749599814551544e+02,5.393125367779957458e+01,3.049069394857954762e+01
5.821375360069263927e+00,-9.986695055896802842e+00,-1.754424913770458545e+02,-1.082363656326452741e+02,5.449491084380849770e+01,3.083407487188144103e+01
5.666363485639503317e+00,-1.004867749111861031e+01,-1.759188333470149814e+02,-1.071691689888721442e+02,5.486993314132490696e+01,3.295916419858745883e+01
5.510017565764569802e+00,-1.010836320925193377e+01,-1.763974207565077847e+02,-1.055680420472280758e+02,5.537761369122785737e+01,3.371808829815005737e+01
5.321254858737699323e+00,-1.016662804951204180e+01,-1.768677501666100795e+02,-1.042951946304114443e+02,5.579398797726874903e+01,3.484388704572982220e+01
5.140144015527091881e+00,-1.021296873082712864e+01,-1.773460952935046748e+02,-1.029420055346389660e+02,5.651586839263352147e+01,3.559412837546841502e+01
4.980808124479101373e+00,-1.025216140206543969e+01,-1.778107225099572588e+02,-1.019952528579925541e+02,5.678774545897640280e+01,3.698653714501161005e+01
4.812159187946761563e+00,-1.029796350042943232e+01,-1.782873495463533970e+02,-1.005683308805247833e+02,5.703109280767110789e+01,3.868603414589028233e+01
4.638537198446299747e+00,-1.032856325286434185e+01,-1.787492779045953171e+02,-9.921236885026615937e+01,5.739841846298833872e+01,3.945753023819981564e+01
4.468171414441697742e+00,-1.036351927051043731e+01,-1.792272796844057723e+02,-9.774864479494908664e+01,5.754773117102818958e+01,4.065932320344877127e+01
4.301036788850794323e+00,-1.039011226155867007e+01,-1.796896469550160305e+02,-9.665768230300044195e+01,5.792688475514395208e+01,4.147947279005649790e+01
4.136037603395102735e+00,-1.041060047954613310e+01,-1.801567350888803958e+02,-9.492689506760667939e+01,5.803409418773505735e+01,4.263445404150883178e+01
3.979911337034000240e+00,-1.042789770430442786e+01,-1.806197554493532493e+02,-9.376014773708172356e+01,5.810198069910374841e+01,4.336975297178676669e+01
3.830857324000974451e+00,-1.044153120886323904e+01,-1.810868133344754369e+02,-9.240246735644068110e+01,5.802035408029811947e+01,4.466391404729503734e+01
3.677804575657810826e+00,-1.045537292961603271e+01,-1.815526458833696779e+02,-9.109091657574573730e+01,5.825349004647573992e+01,4.476613424569485744e+01
3.509919248785963841e+00,-1.045946035418239717e+01,-1.820216035686484020e+02,-8.953121745305995205e+01,5.823356661768325182e+01,4.620977887362769110e+01
3.373012147708979835e+00,-1.045596842708937402e+01,-1.824802132492303599e+02,-8.827873613568314681e+01,5.828390901243133726e+01,4.677776034267534300e+01
3.231945343748232613e+00,-1.046448520378362446e+01,-1.829555938071175376e+02,-8.670693701296482914e+01,5.845224397750217804e+01,4.758153907392095050e+01
3.095263412084068300e+00,-1.045118390784500662e+01,-1.834255689036654076e+02,-8.532872273720518308e+01,5.849408221372863181e+01,4.809865865002863217e+01
2.951071285106588338e+00,-1.043955200942161810e+01,-1.838883715315481027e+02,-8.387989470778565249e+01,5.825080288136936701e+01,4.932502088292686437e+01
2.811128093184520615e+00,-1.041278320682181402e+01,-1.843506476454098788e+02,-8.241350736209275851e+01,5.825690557302235817e+01,5.001675375352370878e+01
2.674713835584152211e+00,-1.042020743816374306e+01,-1.848263967778711390e+02,-7.992366211970856682e+01,6.003024255767204664e+01,4.894010812331540450e+01
2.524897346308090818e+00,-1.038686929370055623e+01,-1.853057007442837687e+02,-7.876794682721417473e+01,6.050954351172845236e+01,5.045668914926136495e+01
2.370565454903709846e+00,-1.034560216620002393e+01,-1.857843831655328017e+02,-7.757050808508262207e+01,5.939913570969297751e+01,5.105218682846793143e+01
2.231847650512290837e+00,-1.030974150685676705e+01,-1.862549458756889464e+02,-7.612616572320823138e+01,5.822371873939480480e+01,5.139333989385239221e+01
2.108419842646318987e+00,-1.028283075515810197e+01,-1.867331551528947955e+02,-7.522870551955278984e+01,5.755255417235382964e+01,5.156532949164561330e+01
2.002359912870998571e+00,-1.021949881951866246e+01,-1.872259031235349198e+02,-7.334409867888061285e+01,5.797326152037828706e+01,5.464392308408738330e+01
1.890551389466603283e+00,-1.018246693406786108e+01,-1.877124481751843632e+02,-7.193669522790061421e+01,5.831762224031751174e+01,5.370848722777235906e+01
1.797480307746516459e+00,-1.013176645105261287e+01,-1.882018634215731936e+02,-7.006686034536757290e+01,5.672263587878353519e+01,5.561884047566465483e+01
1.696116072689694221e+00,-1.006913978514057817e+01,-1.886961547733067164e+02,-6.950975083574648750e+01,5.627323646247138100e+01,5.608440264183206381e+01
1.598469631591496576e+00,-1.001451916787129903e+01,-1.891789270983475149e+02,-6.760966039106180858e+01,5.625381675893171263e+01,5.668228311639708039e+01
1.505548400480718030e+00,-9.952644992401701529e+00,-1.896656643033666967e+02,-6.581217056765885332e+01,5.593469293235332884e+01,5.691008731193352332e+01
1.426108105177552599e+00,-9.876459671670318130e+00,-1.901482662446829863e+02,-6.403656971550690002e+01,5.587685362254918431e+01,5.756098527708072510e+01
1.345880510598309598e+00,-9.803767118738164754e+00,-1.906457008586384347e+02,-6.237136851908599056e+01,5.653867820649652032e+01,5.849352116553576053e+01
1.267543477391071427e+00,-9.723168590919158305e+00,-1.911406217137378292e+02,-6.138436787366727287e+01,5.561630475345091185e+01,5.845670181916423758e+01
1.186206515096381864e+00,-9.638011303119924378e+00,-1.916335052633602913e+02,-5.898524052870900647e+01,5.517096292484807663e+01,5.878948694455485224e+01
1.122281388445537154e+00,-9.548419410456290279e+00,-1.921274123457797032e+02,-5.746006865356478244e+01,5.544193362608601205e+01,5.984686607442814932e+01
1.047134388557498408e+00,-9.444125614448807937e+00,-1.926305655280983160e+02,-5.563704881794774337e+01,5.526804815681300198e+01,6.066130268028857131e+01
9.848193164033902658e-01,-9.356375879844563315e+00,-1.931244763118922094e+02,-5.436735272877002245e+01,5.422230362718359231e+01,6.077938521763196889e+01
9.165311059050684772e-01,-9.246158533561356307e+00,-1.936320543818420106e+02,-5.229217008137597134e+01,5.399919697858570800e+01,6.139942500421275895e+01
8.474450850260719648e-01,-9.150290735402563769e+00,-1.941407610439550240e+02,-5.122725971917916610e+01,5.414831495179671350e+01,6.223247971541722734e+01
7.927732144892868371e-01,-9.044145058739104570e+00,-1.946458136603467608e+02,-4.909173583266921526e+01,5.341221908272316199e+01,6.215396987521958749e+01
7.402119415126684476e-01,-8.930373149529032162e+00,-1.951564229255887142e+02,-4.713595796309235197e+01,5.306078006478264797e+01,6.281675520290934145e+01
6.989600899290051572e-01,-8.816664931033756147e+00,-1.956681467712187441e+02,-4.515736803894905194e+01,5.264789247933300231e+01,6.326959605579728674e+01
6.599451229281987352e-01,-8.700700930583366244e+00,-1.961741221390985004e+02,-4.374675208809805582e+01,5.224070918597183777e+01,6.361141413197932337e+01
6.171296377689048374e-01,-8.587416151662409902e+00,-1.966907437701118795e+02,-4.069738532113248652e+01,5.261103028856022235e+01,6.479046430212615348e+01
5.828044398612564070e-01,-8.459534113761151275e+00,-1.972132607390272199e+02,-3.965187627608232646e+01,5.291501962076097954e+01,6.574747360182043110e+01
5.500710631725764799e-01,-8.328618218635369885e+00,-1.977315304392329551e+02,-3.773700973906333189e+01,5.270607027443320192e+01,6.627213796767630072e+01
5.207183395013773586e-01,-8.192529298488466338e+00,-1.982488312061590250e+02,-3.653735533707922656e+01,5.289716121223816714e+01,6.707918029531100501e+01
4.902014818832555187e-01,-8.056691865696166133e+00,-1.987595965341096473e+02,-3.468480175966463008e+01,5.246550019085903216e+01,6.769322660102241684e+01
4.804143641293518452e-01,-7.915692063644200971e+00,-1.992786267584837958e+02,-3.407900820771404682e+01,5.242781650688192485e+01,6.796774524184814936e+01
4.510573804106681184e-01,-7.774827018564110404e+00,-1.997978183043396427e+02,-3.151353306756800876e+01,5.206160556876780277e+01,6.857007956213128352e+01
4.390183898203780521e-01,-7.626132387986785943e+00,-2.003169294368304634e+02,-3.062117923047208379e+01,5.197898991723599238e+01,6.904420082665743053e+01
4.237255900800518393e-01,-7.471320552699921791e+00,-2.008363972225089356e+02,-2.901063018625956147e+01,5.106672045872235799e+01,6.929830541415782363e+01
4.004815782474132613e-01,-7.320537703828676968e+00,-2.013649829290604032e+02,-2.791959117615354558e+01,5.175774176077597843e+01,7.050146869111095782e+01
3.913421087851429725e-01,-7.175029053998400741e+00,-2.018875827385413970e+02,-2.571201715479350369e+01,5.113862606152281387e+01,7.056870860033322401e+01
3.666971324069800420e-01,-7.013712176225908479e+00,-2.024076491038241841e+02,-2.371017212296477439e+01,4.958541944122644196e+01,6.991106409493004037e+01
3.511640354810336428e-01,-6.858174409659454795e+00,-2.029400334593725574e+02,-2.339095980911821115e+01,5.082124736826513356e+01,7.134324194770758254e+01
3.270652244493015282e-01,-6.696894156909365847e+00,-2.034629127736068313e+02,-2.267595680130466107e+01,5.110754129657655653e+01,7.217325014470404199e+01
3.222133015292900637e-01,-6.540218418097765607e+00,-2.039894174942669167e+02,-2.118385248374412910e+01,5.079216403110987699e+01,7.254519601228398074e+01
3.060319804405917665e-01,-6.370219928165056444e+00,-2.045267368841097095e+02,-1.977993619025876981e+01,5.131252796252971393e+01,7.266460989766802925e+01
2.984391779673555289e-01,-6.218897213423019821e+00,-2.050495194814831450e+02,-1.824256240960971454e+01,5.109321620794813867e+01,7.363326188548643358e+01
2.971155100666996729e-01,-6.042944282586972804e+00,-2.055828306716492762e+02,-1.752617867646288730e+01,5.101334941883622065e+01,7.295307091077469863e+01
2.903819461439168248e-01,-5.863051407073839982e+00,-2.060973717814638633e+02,-1.595569916832293167e+01,5.088686520377404321e+01,7.340882351357336688e+01
2.860187112201696413e-01,-5.687447824038599720e+00,-2.066345020341237841e+02,-1.607221622504061287e+01,5.132790563673773931e+01,7.573419188273244629e+01
2.721580677792876379e-01,-5.514625546881461560e+00,-2.071480966526094107e+02,-1.470551304581323571e+01,5.139217329089763808e+01,7.585894525543764644e+01
2.635972273674285216e-01,-5.337110694519083154e+00,-2.076705679509994411e+02,-1.403854789030176953e+01,5.161813915337327785e+01,7.648589095248598824e+01
2.549724980721537193e-01,-5.162930486732420832e+00,-2.081814630190292519e+02,-1.273823750477288463e+01,5.169685397180519715e+01,7.668159260873808591e+01
2.418614852146448446e-01,-4.986114541359938812e+00,-2.087031511431387969e+02,-1.194701088821803125e+01,5.197179384310565098e+01,7.697055494170530210e+01
2.293937039807790734e-01,-4.800310693531741890e+00,-2.092115450364793219e+02,-1.077724184427712473e+01,5.168154943357937725e+01,7.735653024335258010e+01
2.040757363698632032e-01,-4.638269255937302660e+00,-2.097330987677989071e+02,-1.037697469205280854e+01,5.201098308514215063e+01,7.756720049407586259e+01
1.924865922677633234e-01,-4.463954430791659433e+00,-2.102431004509866455e+02,-9.387215772777700806e+00,5.215314775242580936e+01,7.830316456739794262e+01
1.688897166304582642e-01,-4.289746627627550879e+00,-2.107556764882894811e+02,-8.698947256714058440e+00,5.269717432859017947e+01,7.831309442726747250e+01
1.456889897355641561e-01,-4.111430421196928364e+00,-2.112696621090641145e+02,-8.120402733876717960e+00,5.355929279719435243e+01,7.843822795556837946e+01
1.184010854955438452e-01,-3.939184461294303219e+00,-2.117817175308160813e+02,-7.570374604265681207e+00,5.334399918700498233e+01,7.869789989404665675e+01
9.449483623623006201e-02,-3.765649070720542113e+00,-2.122836903639572199e+02,-6.988025529718060902e+00,5.338200247879647264e+01,7.880182061524368464e+01
7.051496505247123459e-02,-3.601551934597068794e+00,-2.128010702613213709e+02,-5.971493247324482390e+00,5.416727636072774033e+01,7.897704744768712715e+01
3.642199318917371809e-02,-3.430961365218877290e+00,-2.133105218552410065e+02,-5.644784329046651727e+00,5.409333638721128068e+01,7.906812767880097681e+01
1.270654834212525675e-02,-3.252916121636417301e+00,-2.138167122054688605e+02,-5.140910232944245983e+00,5.464143349794057514e+01,7.921835481219481778e+01
-1.975323658014838113e-02,-3.084394246495548941e+00,-2.143192727073417529e+02,-4.495039252672223817e+00,5.425715044567382961e+01,7.960600429100945519e+01
-5.613683582420392337e-02,-2.914586362246382123e+00,-2.148286575106629357e+02,-4.060217354513333987e+00,5.544633205383104269e+01,7.959164239273768260e+01
-9.272962226149672471e-02,-2.744458643267421394e+00,-2.153259262835959760e+02,-3.864535275468959252e+00,5.593055037060150880e+01,7.985582912313360282e+01
-1.311963780214818742e-01,-2.565760216176499853e+00,-2.158242946351564910e+02,-3.366524661465771118e+00,5.558056613526245116e+01,7.994774611220900340e+01
-1.783073543411924922e-01,-2.394310187939254320e+00,-2.163278469443798429e+02,-2.765521591140881252e+00,5.597351279396912105e+01,8.030646221624343184e+01
-2.146783618217356082e-01,-2.231109607442704146e+00,-2.168241989516407955e+02,-2.303052490207299741e+00,5.633561163822346174e+01,8.064181142204340347e+01
-2.643202068198655663e-01,-2.059189647933067135e+00,-2.173256892777453118e+02,-2.075275622998368874e+00,5.669859440934651929e+01,8.041927003777841776e+01
-2.993860105885758349e-01,-1.885297832320134148e+00,-2.178206938965876986e+02,-1.801671928814339907e+00,5.640220921415035349e+01,8.084018939093226663e+01
-3.457829882128350407e-01,-1.714377028932403846e+00,-2.183133097115412511e+02,-1.650119042869412800e+00,5.776906323392860543e+01,8.078497157635162296e+01
-3.946498736867550816e-01,-1.553541273363407527e+00,-2.188117912910373377e+02,-1.337839555221690624e+00,5.839462494649309576e+01,8.072316033310806915e+01
-4.446741421661949412e-01,-1.394184567509228145e+00,-2.193117722989626088e+02,-7.592884256093364037e-01,5.821617805551881730e+01,8.137173332540052684e+01
-4.948172372842126743e-01,-1.236893388622775092e+00,-2.198086581702850140e+02,-6.454736494132879976e-01,5.824151353327040681e+01,8.131600217686825260e+01
-5.424155997084353364e-01,-1.076659309088768168e+00,-2.203072314599581887e+02,-6.949277720832280902e-01,5.961098379558677607e+01,8.123313728579277893e+01
-5.938062313750273047e-01,-9.231561029032491206e-01,-2.208038894806205974e+02,-1.782706475740520047e-01,5.942352233522301930e+01,8.124192948541215742e+01
-6.425639110564559386e-01,-7.697235827250779039e-01,-2.213007756817002019e+02,-1.555873092227726961e-01,6.024157675693250269e+01,8.094937485498655860e+01
-6.980618211960732955e-01,-6.118781564475739287e-01,-2.218037441152195299e+02,7.354873940021799603e-03,6.044689709679613543e+01,8.092727336729311105e+01
-7.670712231440043327e-01,-4.556938997520774137e-01,-2.223021900438398575e+02,1.836507655570510933e-01,6.145529957720629000e+01,8.035674971163511771e+01
-8.075915583489748917e-01,-3.213645737693013871e-01,-2.228044790323748998e+02,3.949852300933486271e-01,6.221530909232899376e+01,8.075489220386000966e+01
-8.614457757296910545e-01,-1.581071798173070420e-01,-2.233137480350520150e+02,5.774240169945432655e-01,6.185708021969568193e+01,8.113098440143737378e+01
-9.344419878248390043e-01,-2.709064590692378260e-02,-2.238047316992335425e+02,6.517065149228603582e-01,6.241569917864562456e+01,8.107807670360023167e+01
-9.927846921598920682e-01,1.226882112973726180e-01,-2.243035339923370373e+02,6.606196514292379529e-01,6.338775334506855330e+01,8.128889424736220803e+01
-1.051214407845541210e+00,2.686198689780212590e-01,-2.248045500737169391e+02,1.169735899812273550e+00,6.278237454390284000e+01,8.154170169377628952e+01
-1.108133024984768955e+00,4.093581631300367007e-01,-2.253116274520658067e+02,6.225647935306564129e-01,6.454554095284973414e+01,8.017197406816168836e+01
-1.163965108770995016e+00,5.537696198889534571e-01,-2.258080924122113515e+02,4.310717284598856169e-01,6.666613217147944681e+01,7.988762602321573070e+01
-1.214056340374895626e+00,6.913983201885685048e-01,-2.263087757629649275e+02,9.213611602661215816e-01,6.564901721922646516e+01,8.018443851771696984e+01
-1.276452033622208493e+00,8.125756418918399504e-01,-2.268250413384689637e+02,6.425460381125459586e-01,6.544619850219923762e+01,8.069988500889466820e+01
-1.332407683099792184e+00,9.547165699133302041e-01,-2.273214777678621488e+02,8.739898112397218588e-01,6.621070680508279338e+01,8.078241116490592333e+01
-1.392169617440170537e+00,1.081078675604771888e+00,-2.278329820834892132e+02,4.716635513958338244e-01,6.631241217476508609e+01,8.042474550270154054e+01
-1.449249510663345841e+00,1.197047305494038483e+00,-2.283426486535156528e+02,6.990972427246374687e-01,6.700039868699253987e+01,8.048770980643348594e+01
-1.512130597532107767e+00,1.311344105500211299e+00,-2.288510424953202289e+02,5.287756311238728246e-01,6.862145265859648191e+01,8.000470413400471159e+01
-1.569093063862040172e+00,1.424504530954550319e+00,-2.293724864429827335e+02,3.668761880245388074e-01,6.897296149529344689e+01,7.979026582574819315e+01
-1.625136878942618601e+00,1.536533339262177833e+00,-2.298777081596064704e+02,-6.208545894715160329e-02,6.942179519763752182e+01,7.963091556538907412e+01
-1.688490461949335497e+00,1.645064199366856883e+00,-2.303936512787352910e+02,-2.445494404467213889e-01,7.016690473285592589e+01,7.892787127938672143e+01
-1.743098083143355570e+00,1.755009872253822323e+00,-2.309037105741194296e+02,-9.612966315941108286e-01,7.026615247850220669e+01,7.867851988456465051e+01
-1.799777119107419221e+00,1.863413600991293606e+00,-2.314261679416322011e+02,-3.064972098896905917e-01,7.142518658199264792e+01,7.807032932147720317e+01
-1.867496172826505596e+00,1.963698602110753200e+00,-2.319457919367522720e+02,-1.136263511190444886e+00,7.143228393824405487e+01,7.816099630110097962e+01
-1.926223106755700520e+00,2.054492964985001890e+00,-2.324630548472148348e+02,-5.378898689369202568e-01,7.309111278465934447e+01,7.745536081896013059e+01
-1.988611842152237852e+00,2.152105782093940434e+00,-2.329852103415665283e+02,-1.383249436890070072e+00,7.325309050264847599e+01,7.715413250090412589e+01
-2.037729988948367765e+00,2.243595957660659224e+00,-2.334948735945541785e+02,-2.293902985670547956e+00,7.351502456594556634e+01,7.734834468506589644e+01
-2.089586640888590363e+00,2.329517256782196455e+00,-2.340156473003069948e+02,-2.470044975032349210e+00,7.496340155110560488e+01,7.685498222656163136e+01
-2.136646751221350282e+00,2.404157214538486187e+00,-2.345418419357788480e+02,-2.852975739228893026e+00,7.517727064201011444e+01,7.660399986186378385e+01
-2.182212773842125753e+00,2.494190919863967792e+00,-2.350656085244887947e+02,-3.334812511271448177e+00,7.603058513703027188e+01,7.611554849468485884e+01
-2.231381148106527323e+00,2.577702411880295585e+00,-2.355866188339691973e+02,-3.544682739833983742e+00,7.628234620421352474e+01,7.564447901741552016e+01
-2.274051826242310170e+00,2.645363957117524478e+00,-2.361098899549929797e+02,-4.276699411183203736e+00,7.649136862626350819e+01,7.515365086366557534e+01
-2.312506027595682578e+00,2.717629774956549227e+00,-2.366470495151366435e+02,-4.330210567025027046e+00,7.700957026488883628e+01,7.513576987677967622e+01
-2.357604939769182284e+00,2.775456988337850817e+00,-2.371678779649748208e+02,-5.042188925369815777e+00,7.763487468141514114e+01,7.453409191065986761e+01
-2.401199249901077692e+00,2.843158293267606496e+00,-2.376992922730196653e+02,-5.829339558012523348e+00,7.899253724596533743e+01,7.329852091597729213e+01
-2.441420016845054164e+00,2.907548448288935106e+00,-2.382304105259302958e+02,-6.847348677797699956e+00,7.967668429079043335e+01,7.311607501990128810e+01
-2.483126541323027237e+00,2.950615469466015384e+00,-2.387604195534800624e+02,-6.637439849522837498e+00,8.036410804736779312e+01,7.222562087311926859e+01
-2.517217419449146565e+00,3.009428315855871006e+00,-2.392954268365576809e+02,-7.752585652691958096e+00,8.067120577881917143e+01,7.175848250757948676e+01
-2.555921952377191886e+00,3.056581363732107093e+00,-2.398326342552056758e+02,-7.729812105200925210e+00,8.077422498271485551e+01,7.048813013169601049e+01
-2.592196151457543785e+00,3.106540403384997262e+00,-2.403651310311322788e+02,-8.637732029322783944e+00,8.126327909034846186e+01,7.026236047577539523e+01
-2.632429933267702360e+00,3.146130759516722719e+00,-2.409052861554491756e+02,-9.820395497199058354e+00,8.137898330091523746e+01,7.013134715785949425e+01
-2.662695653154151909e+00,3.191565781633016741e+00,-2.414414188751099744e+02,-1.041426609401376169e+01,8.166806131768049681e+01,6.888883830480858705e+01
-2.692276355244083597e+00,3.231005443898084195e+00,-2.419831119086089757e+02,-1.153153474374162357e+01,8.271123084671609149e+01,6.859853920841189279e+01
-2.712272518174854152e+00,3.258486126652769599e+00,-2.425156882751135754e+02,-1.271018527614838156e+01,8.285051297099435885e+01,6.776547576856935962e+01
-2.737201460080358917e+00,3.302495649365482677e+00,-2.430561188072796881e+02,-1.287689821143282387e+01,8.287266961992317249e+01,6.703981830459495939e+01
-2.759183217882486439e+00,3.332322543235136436e+00,-2.435977780040016967e+02,-1.390945556897128021e+01,8.409142829174514588e+01,6.591284517818371569e+01
-2.771948201768817732e+00,3.354450149199351472e+00,-2.441420014141568231e+02,-1.508999562425322871e+01,8.465791175788243095e+01,6.509647309740941523e+01
-2.794559623461618791e+00,3.374936869387170191e+00,-2.446844978952044016e+02,-1.597981737287372717e+01,8.519353536120522108e+01,6.431224938319996909e+01
-2.813298894652788817e+00,3.404481752250603677e+00,-2.452309402803182650e+02,-1.674877113889192870e+01,8.546518545673285416e+01,6.356058851265500920e+01
-2.832837779000261680e+00,3.427929037182593675e+00,-2.457762171350900076e+02,-1.779501717364037106e+01,8.620777815024105450e+01,6.256502536707609607e+01
-2.849666687890109795e+00,3.449261940391465942e+00,-2.463281740842756165e+02,-1.841975156853292006e+01,8.705224544654566898e+01,6.117591004119447717e+01
-2.868792689222191328e+00,3.460988275048862306e+00,-2.468758086540943566e+02,-1.936189448497675869e+01,8.785431921963565571e+01,6.030904488942445596e+01
-2.882299839842604516e+00,3.479466253984355717e+00,-2.474286460544109900e+02,-2.004381304264437702e+01,8.816640982042412134e+01,5.911211163730140328e+01
-2.897857247907335676e+00,3.485518452135124789e+00,-2.479837445366552515e+02,-2.194466548094741043e+01,8.810483132453059341e+01,5.787004072890074724e+01
-2.921116186307663565e+00,3.484790230784255982e+00,-2.485400959342838405e+02,-2.355724689979464870e+01,8.963717069652517466e+01,5.574431707653079826e+01
-2.944470874431821095e+00,3.489017087775209802e+00,-2.490968622759869504e+02,-2.283855223332095719e+01,8.981535277589405553e+01,5.486018852669625545e+01
-2.955506400457855953e+00,3.496407601142095700e+00,-2.496597282167467426e+02,-2.381555503204833002e+01,9.064629145198109939e+01,5.352097375834193826e+01
-2.968198825156802112e+00,3.487253906335695319e+00,-2.502216422384857140e+02,-2.619154112591026262e+01,9.031706360148359636e+01,5.264895987858149340e+01
-2.994244572669380045e+00,3.483515509593644310e+00,-2.507900530617040431e+02,-2.687818396834628132e+01,9.096301663931382109e+01,5.072344843636685141e+01
-3.009628680582277394e+00,3.482053596594028022e+00,-2.513568378160845498e+02,-2.813706306435868498e+01,9.070010119951699323e+01,5.026009582847071044e+01
-3.009735100180800593e+00,3.459073288245463118e+00,-2.519296770441783337e+02,-2.862489024175346231e+01,9.173245226089775883e+01,4.795818128474481057e+01
-3.034111230630243128e+00,3.447102454905007107e+00,-2.524955764117223396e+02,-3.049832928113938024e+01,9.165477877392544315e+01,4.694990031750202775e+01
-3.036211763393610319e+00,3.424124922107694147e+00,-2.530701395632186461e+02,-3.239716105890396847e+01,9.153799805473232709e+01,4.533102996594365663e+01
-3.043273211504541109e+00,3.395142752841707079e+00,-2.536470162013369816e+02,-3.356249070587177386e+01,9.177546089997328238e+01,4.468496186345528542e+01
-3.051034500877769506e+00,3.366921345068476512e+00,-2.542244956021112330e+02,-3.414942906474527007e+01,9.206575888315691714e+01,4.270167860825236517e+01
-3.059443945015487998e+00,3.336010414083261821e+00,-2.548014400458951627e+02,-3.410847215183754599e+01,9.290265700571652019e+01,3.906875158747943999e+01
-3.063531537311169561e+00,3.313189276164393959e+00,-2.553760711122708926e+02,-3.589547438108827038e+01,9.225969969772198453e+01,3.909130740212518873e+01
-3.073105309779265770e+00,3.271683092179841879e+00,-2.559537205038844263e+02,-3.824883541795180264e+01,9.336943784165087834e+01,3.589613729212494064e+01
-3.079501335772011128e+00,3.217299291361882752e+00,-2.565364041988233907e+02,-3.950542734466610995e+01,9.350526118487667304e+01,3.361616637194744328e+01
-3.088652409423010337e+00,3.163547323818875157e+00,-2.571264739760034672e+02,-4.074564709600717549e+01,9.337986206701924630e+01,3.222195323687691371e+01
-3.106747898478046555e+00,3.110475388699228461e+00,-2.577144661873699647e+02,-4.250651864895880294e+01,9.297856384592851953e+01,3.123381010205582342e+01
-3.114178300083433548e+00,3.048104762310344995e+00,-2.583062871074223494e+02,-4.354494015421767017e+01,9.330977354701327897e+01,2.888271938499715930e+01
-3.119943120222695931e+00,2.981531320622138992e+00,-2.589024480924153409e+02,-4.684077501589229797e+01,9.243097500690555535e+01,2.966459255012165031e+01
-3.130673759951198676e+00,2.907258598544899542e+00,-2.595010409826849127e+02,-4.777287746170222249e+01,9.242470950454088552e+01,2.726161209389892903e+01
-3.142470641707057588e+00,2.818393389839002339e+00,-2.600986079841666765e+02,-4.994865205675191788e+01,9.209297985096601735e+01,2.612239008964264286e+01
-3.160369552032427976e+00,2.734678140807091040e+00,-2.607005038559858576e+02,-5.188846176032458857e+01,9.138524699895478420e+01,2.493174507315051969e+01
-3.162197887956978093e+00,2.635532227851626885e+00,-2.612978802507616365e+02,-5.317377494446598263e+01,9.093324090106344215e+01,2.387917031890129138e+01
-3.139470922866827163e+00,2.542490632629778702e+00,-2.618954510249964756e+02,-5.476300360323558891e+01,9.108430063823385581e+01,2.209013711607710917e+01
-3.124934333758061733e+00,2.441203089733789966e+00,-2.624964575731234504e+02,-5.525291405061389582e+01,9.066666794336818214e+01,2.015545154960143037e+01
-3.115377769424816812e+00,2.322499312011245820e+00,-2.630895330113307864e+02,-5.715381475216256035e+01,9.033576608464873914e+01,1.914448281254525952e+01
-3.111739099626749550e+00,2.223616019725454862e+00,-2.636890745520872201e+02,-5.794410146915495119e+01,9.003475507244826304e+01,1.712048667825692050e+01
-3.098739199167435565e+00,2.114840587481467082e+00,-2.642841569295324575e+02,-5.942419504341717129e+01,8.935134357692163576e+01,1.537177005977076760e+01
-3.081425622893660066e+00,1.985156560481755150e+00,-2.648855931683019662e+02,-5.989502289273352176e+01,8.948747817797168125e+01,1.429854931048755162e+01
-3.071952575620643611e+00,1.844096788392903363e+00,-2.654717454300409827e+02,-6.085329058031634730e+01,8.869005492020666281e+01,1.236355973262525154e+01
-3.048855923305953119e+00,1.708078202970341408e+00,-2.660691096613981017e+02,-6.158655377173041501e+01,8.909208167460390371e+01,1.015313557707168357e+01
-3.019993441387087252e+00,1.565733047503499620e+00,-2.666615998621794574e+02,-6.272959977304475387e+01,8.801908941249753582e+01,9.266095456524535479e+00
-2.997036372329707987e+00,1.423679926866043388e+00,-2.672486573149969900e+02,-6.376474176409024608e+01,8.766548245804925443e+01,6.966879639526034396e+00
-2.962158568722178753e+00,1.270583497266898121e+00,-2.678366705718044614e+02,-6.725585881201564575e+01,8.451530814452294749e+01,6.682572658036408875e+00
-2.930329653671141621e+00,1.109112394762405529e+00,-2.684255096104590166e+02,-6.871931271091827398e+01,8.333695885232383205e+01,5.977507039341706907e+00
-2.897153335297739218e+00,9.515352015064308944e-01,-2.690029047079901261e+02,-6.974460108230655919e+01,8.250789886445890886e+01,2.877306867532632317e+00
-2.860773070631721371e+00,7.710633505853365932e-01,-2.695859661215687311e+02,-6.995011501464460935e+01,8.218243316838130852e+01,2.185872656817020587e+00
-2.818772194435615663e+00,6.004527805828274722e-01,-2.701607779892144094e+02,-7.076729044140228098e+01,8.174923030946094116e+01,5.337723024073801614e-01
-2.775626448391101064e+00,4.260658749695949155e-01,-2.707260071130463643e+02,-7.180507078581750591e+01,8.088688461531035045e+01,-6.256670937248748343e-01
-2.714781708910662061e+00,2.449005759560805018e-01,-2.712979730338223590e+02,-7.192263586839517586e+01,8.103214435472951038e+01,-2.175072650829366072e+00
-2.669078025815013522e+00,5.505730916775064543e-02,-2.718565008868527002e+02,-7.293286775497917063e+01,7.984501579797696991e+01,-2.314035763007269875e+00
-2.605361537052987675e+00,-1.305868550238074022e-01,-2.724147822243462542e+02,-7.315862292947312540e+01,7.927690982665491504e+01,-4.229940828795870189e+00
-2.543078769501944336e+00,-3.173931291676126420e-01,-2.729615424508125443e+02,-7.376317505027084565e+01,7.917352642439512067e+01,-5.412487386683971557e+00
-2.483464493113777927e+00,-5.028267728080209054e-01,-2.735076866848941677e+02,-7.415843540542017820e+01,7.842279701201559305e+01,-6.114704964949902788e+00
-2.422238522822881546e+00,-6.993818035630283703e-01,-2.740411822701789220e+02,-7.499018718231577907e+01,7.796741522856235918e+01,-7.587305067547407411e+00
-2.346735925969723358e+00,-8.864172912101366819e-01,-2.745747801918465143e+02,-7.505412187088390397e+01,7.724090677389034454e+01,-8.488429411360142396e+00
-2.276964112488753855e+00,-1.082104112216711655e+00,-2.751045504119627481e+02,-7.553874436044011986e+01,7.649491976287654893e+01,-9.065793456535709893e+00
-2.198805632826083212e+00,-1.271596062808271199e+00,-2.756289876176364260e+02,-7.536387974041294058e+01,7.501326926919089999e+01,-1.010727088147938879e+01
-2.127131434237999663e+00,-1.469082924526105671e+00,-2.761504044067592645e+02,-7.552643360705074826e+01,7.592678826706591622e+01,-1.096569434464344717e+01
-2.048465602143670239e+00,-1.665975546637810112e+00,-2.766639997873365928e+02,-7.630901236812724164e+01,7.511409903320894443e+01,-1.145260952265523180e+01
-1.965647008694913378e+00,-1.852636794734053183e+00,-2.771762233087882237e+02,-7.642217258008356850e+01,7.423120197010193522e+01,-1.216332822964508331e+01
-1.880404212676261011e+00,-2.061574075951511986e+00,-2.776847724860082849e+02,-7.645682288365073020e+01,7.379982971277397041e+01,-1.288624611310856061e+01
-1.792730272305658179e+00,-2.246220465616943329e+00,-2.781910416664595687e+02,-7.622962849366469129e+01,7.398982129526402218e+01,-1.372487586326550435e+01
-1.711441451869971875e+00,-2.441604410095465028e+00,-2.786958910270288925e+02,-7.654487099783102622e+01,7.300729744989612868e+01,-1.423658119841280190e+01
-1.622486042050139687e+00,-2.642849535990308141e+00,-2.791904971123865380e+02,-7.667213454084269131e+01,7.215459298352564588e+01,-1.533153928635360330e+01
-1.542715943557263270e+00,-2.825762461304861972e+00,-2.796932324305357156e+02,-7.687904759917647368e+01,7.163368994505894705e+01,-1.431112236972280982e+01
-1.441304323641965368e+00,-3.026874920986529105e+00,-2.801826004667767052e+02,-7.659965237581666031e+01,7.158139646207905571e+01,-1.593885585575029040e+01
-1.350983348697351705e+00,-3.214984080878366512e+00,-2.806755049774981217e+02,-7.676365877379757308e+01,7.097042970522804239e+01,-1.743010799874949157e+01
-1.259416158688449361e+00,-3.400196717808626090e+00,-2.811630702963524300e+02,-7.653252922516210788e+01,7.040195719581467415e+01,-1.696329978760460477e+01
-1.162272442976863385e+00,-3.585414318528933109e+00,-2.816511045371219097e+02,-7.619324611562120708e+01,6.990483742460043004e+01,-1.717461701510537253e+01
-1.075462801642983912e+00,-3.758922292597844717e+00,-2.821342573444703135e+02,-7.579816495938300136e+01,6.984115757663624890e+01,-1.743775596916896831e+01
-9.837309045149794651e-01,-3.945211674119718737e+00,-2.826201373503705554e+02,-7.550484806570891294e+01,6.977493108959400558e+01,-1.865025457474166259e+01
-8.841970961533957007e-01,-4.102483008774697737e+00,-2.831060536572166484e+02,-7.516978238672344048e+01,6.896587908874064965e+01,-1.898069671937119196e+01
-7.822303491926737573e-01,-4.288876445679875360e+00,-2.835831288500909864e+02,-7.542219933217177186e+01,6.868641853182475643e+01,-1.859761876535010927e+01
-6.875100263914729615e-01,-4.455032281242210956e+00,-2.840675035230588605e+02,-7.506158793860089418e+01,6.815271844154962366e+01,-1.918161650645039984e+01
-5.905973471006106257e-01,-4.621819777083942427e+00,-2.845503701909759116e+02,-7.494161289910610435e+01,6.759522392376986488e+01,-1.910111444811498771e+01
-4.968938263533168032e-01,-4.785890044541019961e+00,-2.850309454563263216e+02,-7.422943357084832883e+01,6.732623003539028161e+01,-1.943907143188688025e+01
-3.990705610320339769e-01,-4.949699067800224839e+00,-2.855168330885457522e+02,-7.419538799865514989e+01,6.664810559233646359e+01,-1.905168525135158575e+01
-3.069972654492885145e-01,-5.105229595208697901e+00,-2.859978387576128398e+02,-7.350650162491555761e+01,6.671692617474326426e+01,-1.965864012522617443e+01
-2.078063513865950895e-01,-5.258570483710741428e+00,-2.864845065421562822e+02,-7.405898157018694405e+01,6.575285516755640458e+01,-2.033815324668476521e+01
-1.100059389911850483e-01,-5.416951607807277469e+00,-2.869699627376946296e+02,-7.413544379053159616e+01,6.518978236822285055e+01,-2.040856618148218260e+01
-1.609538943981581038e-02,-5.566175092206208319e+00,-2.874540645118562452e+02,-7.367764418239917745e+01,6.478360027445813785e+01,-1.985055451253014525e+01
7.857273027746536354e-02,-5.707083731163493212e+00,-2.879379135144621387e+02,-7.311942022158744692e+01,6.445551066470773094e+01,-1.929852278113665065e+01
1.680255165149771579e-01,-5.847719713230048910e+00,-2.884297305558808944e+02,-7.313098238256745276e+01,6.406354582292519240e+01,-2.011424670415912530e+01
2.688296739952504288e-01,-5.981502764530318927e+00,-2.889184109763355650e+02,-7.285012098388467905e+01,6.338738537246453575e+01,-1.870578441595569075e+01
3.609816882194231136e-01,-6.107629933722591886e+00,-2.894079084442932981e+02,-7.239303782803686715e+01,6.337588324238537041e+01,-2.037171156460736299e+01
4.524557544002836273e-01,-6.244853396137159507e+00,-2.898998647465341492e+02,-7.180219266053029514e+01,6.298021960749949244e+01,-1.944223916079376835e+01
5.397537887744237040e-01,-6.363887332511239947e+00,-2.903840922040617443e+02,-7.124602926225458077e+01,6.321159384239251722e+01,-2.003768166448566745e+01
6.433563409814876399e-01,-6.479504904321061076e+00,-2.908777454923709911e+02,-7.088503009400317012e+01,6.257794300626130024e+01,-2.004927583349575926e+01
7.368229095064364742e-01,-6.594731650534527034e+00,-2.913738734289068475e+02,-7.086426859489525043e+01,6.224817702783408890e+01,-2.017602694238300032e+01
8.216911289800075124e-01,-6.708443416923842051e+00,-2.918685909476673146e+02,-7.003187013696118868e+01,6.216519494282069758e+01,-1.984379446930475055e+01
9.292628257580886064e-01,-6.801703068127721963e+00,-2.923613250391248357e+02,-6.980752556960341337e+01,6.167373905576708637e+01,-2.005219260661146308e+01
1.009197432979299869e+00,-6.902318064504470385e+00,-2.928675291584959268e+02,-6.960847775741373766e+01,6.099910520025810001e+01,-1.964690790933309117e+01
1.110043228110296543e+00,-7.001658964781313443e+00,-2.933607443879781158e+02,-6.919298989623062823e+01,6.088063409842734330e+01,-1.853948660034744833e+01
1.209308025894847649e+00,-7.094982145285939623e+00,-2.938630338600366940e+02,-6.825200792329144406e+01,6.099152271043573847e+01,-1.849267629255925272e+01
1.286843442596675047e+00,-7.175917891059384601e+00,-2.943726388473271527e+02,-6.820029778610275173e+01,6.047381931542928868e+01,-1.895229276850161071e+01
1.388283111225345756e+00,-7.259351099955893005e+00,-2.948663099703970829e+02,-6.746201552192844986e+01,6.028081910981767066e+01,-1.869227828304903838e+01
1.475685110174170145e+00,-7.339596753969658494e+00,-2.953794859785182325e+02,-6.704318733326145718e+01,6.007780509298328298e+01,-1.852211270756140493e+01
1.559918901444508510e+00,-7.402454085004137596e+00,-2.958906359785333962e+02,-6.676214421603343396e+01,5.961554977227390850e+01,-1.812161209964357056e+01
1.652024716114514735e+00,-7.477999856738733797e+00,-2.963989123719044301e+02,-6.595622439921375246e+01,5.938017677936705496e+01,-1.841732418492636825e+01
1.742018951895318857e+00,-7.544454931474888326e+00,-2.969062596589133136e+02,-6.594355590502050291e+01,5.900703330338887298e+01,-1.827663641265342065e+01
1.831095404144718497e+00,-7.594813422933725633e+00,-2.974218378665249816e+02,-6.498347167408448399e+01,5.898223016879012448e+01,-1.826517164396041082e+01
1.913183296192676242e+00,-7.665667320709985688e+00,-2.979317772792579717e+02,-6.505733583656088115e+01,5.837865401873492033e+01,-1.803565501076646527e+01
1.997637605151168838e+00,-7.711238941981832795e+00,-2.984426763182271429e+02,-6.430271358665963533e+01,5.814964137212045614e+01,-1.783743078144577154e+01
2.082567271796249120e+00,-7.747664701734720438e+00,-2.989665048019447227e+02,-6.365892637973627188e+01,5.829386371903154185e+01,-1.747712390872282739e+01
2.166358834725717220e+00,-7.779550865932606030e+00,-2.994765565812950285e+02,-5.969289831097299270e+01,6.118018067593367704e+01,-8.913204742313162399e+00
2.247645689105914002e+00,-7.818923749177770333e+00,-2.999912431222192595e+02,-5.877756977558169638e+01,6.177111649692375295e+01,-8.625837426793021123e+00
2.334974011613151212e+00,-7.861409783169619914e+00,-3.005117305668340464e+02,-5.930813199436085625e+01,6.066177086033471255e+01,-9.665704408031128736e+00
2.425900224306538622e+00,-7.880161047036722266e+00,-3.010373192809456668e+02,-5.703226301360908224e+01,6.159315680532406390e+01,-9.722282775482755213e+00
2.506210156371700748e+00,-7.896884942703195520e+00,-3.015529599622008732e+02,-5.675202585385895304e+01,6.121292084363635411e+01,-9.861592574570124725e+00
2.594591165360886631e+00,-7.918767738614633345e+00,-3.020764273326449825e+02,-5.591620240419880616e+01,6.095384298864537698e+01,-9.333818740736555597e+00
2.677873134215251305e+00,-7.933747861561982972e+00,-3.025897951496712039e+02,-5.569078665642786774e+01,6.072211803059920499e+01,-1.094324303917333197e+01
2.753869421137754347e+00,-7.939772143181357933e+00,-3.031232593650308900e+02,-5.464696072482283995e+01,6.081266878558368205e+01,-1.057325682096642971e+01
2.828691004502717821e+00,-7.946069404870968356e+00,-3.036460803306009097e+02,-5.566709960219513675e+01,5.965788924982469865e+01,-9.248077862618771405e+00
2.905483754332415458e+00,-7.948498764000873962e+00,-3.041753127217968995e+02,-5.437760369732927757e+01,6.005848209587338715e+01,-9.273215436117341781e+00
2.987868167543314524e+00,-7.944861486085301294e+00,-3.047049371498063124e+02,-5.275189661909832495e+01,6.054320724111592256e+01,-1.037803507269542180e+01
3.060445875324078191e+00,-7.936791398124000807e+00,-3.052270171872372657e+02,-5.351458104880303068e+01,5.963113787541127664e+01,-8.267118046022677191e+00
3.134366348355304144e+00,-7.934580545162702947e+00,-3.057598533375503393e+02,-5.280881238621859808e+01,5.980863687588880140e+01,-8.083669942985288515e+00
3.199515782722626156e+00,-7.927130167200743927e+00,-3.062902921322032626e+02,-5.237962438129201104e+01,5.949867426639660550e+01,-8.134123585878510809e+00
3.264033466984831211e+00,-7.903979266597161768e+00,-3.068312592217014299e+02,-5.092684995307224227e+01,5.991202518424002221e+01,-8.326708164010343083e+00
3.333933867119085459e+00,-7.878473762178373363e+00,-3.073525153528862006e+02,-5.087519149152753073e+01,5.949052596656537872e+01,-7.704135106792816323e+00
3.402902229810812695e+00,-7.860590369037595337e+00,-3.078925392515567410e+02,-4.998840517936962868e+01,5.941917445704000755e+01,-7.764426182631176232e+00
3.461997370061567381e+00,-7.856773204799765153e+00,-3.084269285492310928e+02,-4.967039970179948227e+01,5.936245901898853816e+01,-7.599830696175980727e+00
3.524137987083664658e+00,-7.811849062432202118e+00,-3.089628540330406281e+02,-4.996859631408124613e+01,5.906441112338723087e+01,-6.109036159377244424e+00
3.586203882372077434e+00,-7.784205734515580843e+00,-3.094965534207012752e+02,-4.995056818234252916e+01,5.831260900897696331e+01,-5.941987107947339197e+00
3.654375944827632505e+00,-7.751474337119930169e+00,-3.100342310840355253e+02,-4.892383501532610524e+01,5.849684278435434237e+01,-5.883867594819532698e+00
3.713328266051258542e+00,-7.716910601610948106e+00,-3.105709495971001957e+02,-4.817165744456689680e+01,5.877072914411489535e+01,-5.900042229261394766e+00
3.771262999189314957e+00,-7.686938167169955705e+00,-3.111075648562036235e+02,-4.782768520916513211e+01,5.849603137794557028e+01,-5.762719382067841956e+00
3.821308166143464025e+00,-7.653147716470812156e+00,-3.116469228338993389e+02,-4.724364132776123881e+01,5.824697269038306047e+01,-5.591568828356808574e+00
3.874356656006391120e+00,-7.604767383267358127e+00,-3.121850017113671356e+02,-4.652370278477596344e+01,5.863665333431463722e+01,-4.731336315830833250e+00
3.921837785237811236e+00,-7.582702340267701402e+00,-3.127292109078217095e+02,-4.690099957228955674e+01,5.770485379468984632e+01,-4.641122909229927984e+00
3.963396358277232245e+00,-7.529460310003400991e+00,-3.132695919854328395e+02,-4.622015407833166734e+01,5.803180635705997759e+01,-3.849286772608229601e+00
4.016200638812225776e+00,-7.490125074904995017e+00,-3.138071330750668722e+02,-4.614128614988087662e+01,5.779124102534673568e+01,-3.327773479845922200e+00
4.060615738203202874e+00,-7.444869971498064842e+00,-3.143538571845032266e+02,-4.519996293254232000e+01,5.810504477256603906e+01,-3.384949361156018188e+00
4.100193547359578083e+00,-7.387232150346903836e+00,-3.148934394358690270e+02,-4.478225735714787703e+01,5.783368892414664231e+01,-2.779800516169337765e+00
4.137275663965074735e+00,-7.347374168959845520e+00,-3.154296342284204115e+02,-4.416841727958622954e+01,5.818835740271686774e+01,-1.828751352875449987e+00
4.178332537836818794e+00,-7.287997035545345170e+00,-3.159731129399339693e+02,-4.425794190824464636e+01,5.778719185243426892e+01,-8.877824782436672946e-01
4.213807687102963051e+00,-7.240821185126947057e+00,-3.165160212224442375e+02,-4.252848164395587105e+01,5.831634055878230782e+01,-1.406557071056266706e+00
4.260846203178399350e+00,-7.194302275008908509e+00,-3.170563693196677946e+02,-4.209493681203048254e+01,5.873297887554264918e+01,-1.067020333933380805e+00
4.295390012223005094e+00,-7.133223169100233463e+00,-3.176016035149459071e+02,-4.235116345512224001e+01,5.817159006630726026e+01,-8.858602946613790552e-01
4.330223773363623074e+00,-7.070204018579829608e+00,-3.181306047637705774e+02,-4.189748321039800771e+01,5.819387596020339970e+01,2.284737803200234119e-01
4.375609694799437399e+00,-7.015798293425291376e+00,-3.186754978293566865e+02,-4.097180929376140313e+01,5.837661642024691844e+01,1.228995419192751015e-01
4.417471446934468915e+00,-6.946011862966429362e+00,-3.192037104586835312e+02,-4.019378388889961684e+01,5.919628553191608233e+01,1.191534518529713260e+00
4.453781438249949431e+00,-6.887811578284868119e+00,-3.197384949673609640e+02,-3.911668113944652703e+01,5.940732966610350729e+01,9.436116362616904230e-01
4.495922888186875355e+00,-6.814900684133476716e+00,-3.202729640971217009e+02,-3.810527684954984551e+01,5.971102459584515287e+01,1.504145632408681266e+00
4.538390691396356758e+00,-6.741625072189549428e+00,-3.208057702686751327e+02,-3.885032098181361704e+01,5.845690686557347249e+01,3.100386629661505911e+00
4.574409492427801815e+00,-6.676442429381722832e+00,-3.213365659235023486e+02,-3.719009142265807810e+01,5.955595440598103352e+01,6.183730407794100437e+00
4.608821668399323279e+00,-6.593518447964015650e+00,-3.218623112488124889e+02,-3.659426761577238096e+01,5.966113409245589594e+01,6.084020890634624479e+00
4.647843525536591081e+00,-6.522393262418404447e+00,-3.223923613140615316e+02,-3.590548773239869007e+01,5.950297544251431958e+01,6.935538680138837897e+00
4.691018025296980198e+00,-6.447976309910472992e+00,-3.229169415980572921e+02,-3.517604606422464286e+01,5.993003424562355974e+01,7.546944357081910582e+00
4.733805389361098293e+00,-6.368160603403453024e+00,-3.234377820668599384e+02,-3.432800011505782578e+01,6.011084521450354856e+01,8.012710950051483039e+00
4.764221374880643012e+00,-6.276838191924753119e+00,-3.239698700262599687e+02,-3.414892756540893259e+01,6.010280466769858521e+01,8.296513493892661018e+00
4.806720370883711624e+00,-6.199970712869799172e+00,-3.244917098925062646e+02,-3.508912710265999380e+01,5.765857748341485944e+01,1.723075008079605652e+01
4.852111763652917631e+00,-6.122402392118829084e+00,-3.250163014958178564e+02,-3.482297410067642573e+01,5.828205606347229661e+01,1.660881026750490008e+01
4.892480678555252815e+00,-6.029620394814628526e+00,-3.255478598739445033e+02,-3.266442061860900736e+01,5.942101055193852943e+01,1.463632698713710312e+01
4.953325856002686933e+00,-5.941050802615563953e+00,-3.260787245767436389e+02,-3.178473881357128406e+01,5.994769394597361156e+01,1.415517922214027635e+01
5.001748075733855714e+00,-5.855250102272066215e+00,-3.266019161461657632e+02,-3.164459359866464894e+01,6.010457624443660052e+01,1.528553500933194798e+01
5.047831408074087811e+00,-5.763843165237517496e+00,-3.271258350136248509e+02,-2.948098607885536282e+01,6.049505337939930882e+01,1.485699305018946070e+01
5.098093112985056408e+00,-5.669397626364684584e+00,-3.276396148565258954e+02,-2.816283315310837665e+01,6.062515052528023318e+01,1.548650159089069511e+01
5.146419757139345741e+00,-5.573461805378087774e+00,-3.281542910745670838e+02,-2.797391071101112914e+01,6.055475038836367219e+01,1.650119863324792036e+01
5.195015606733013769e+00,-5.471152690374196936e+00,-3.286727773293665678e+02,-2.876728458387591658e+01,6.048816650320709698e+01,1.842530569269965568e+01
5.233771708170961823e+00,-5.373429794099024548e+00,-3.291923791825500984e+02,-2.667033149899990008e+01,6.071852597078395775e+01,1.827632243173620097e+01
5.286610790940637017e+00,-5.273951850938487951e+00,-3.297092481375042894e+02,-2.557925192726545305e+01,6.098916268585175260e+01,1.907584950473487240e+01
5.341283040002602789e+00,-5.173760391226437605e+00,-3.302273364045613562e+02,-2.396748562243780256e+01,6.126114119914875289e+01,1.944135579463132046e+01
5.389218567538677895e+00,-5.068242630605482191e+00,-3.307534442736231313e+02,-2.307754263530344474e+01,6.162636253262160579e+01,2.027709168298347109e+01
5.447816349858863205e+00,-4.977080387345836243e+00,-3.312547323070238008e+02,-2.210337100008259625e+01,6.198490714044405792e+01,2.135652218854782447e+01
5.487206934105612888e+00,-4.860955578091079587e+00,-3.317912533408825766e+02,-2.046508498757300742e+01,6.271870642461360745e+01,2.167588001248564922e+01
5.534484972550504089e+00,-4.753779331641567296e+00,-3.323004097831603758e+02,-1.985905643430606560e+01,6.249748168835120765e+01,2.253099268335564886e+01
5.586150746951700441e+00,-4.651005217937608904e+00,-3.328287942511381061e+02,-1.818474619386530478e+01,6.320985425971183247e+01,2.304018011763142226e+01
5.631932531409580278e+00,-4.538996055815573527e+00,-3.333499017409946532e+02,-1.707367162037625974e+01,6.385165067924626214e+01,2.397591920402395971e+01
5.682393353161114824e+00,-4.439329712433277564e+00,-3.338810958069144021e+02,-1.504607247983662610e+01,6.459955952480380859e+01,2.464073967036168966e+01
5.725792980166412249e+00,-4.322583556193990262e+00,-3.344065582462660586e+02,-1.362332531752497822e+01,6.538820193787877599e+01,2.528956686094234030e+01
5.786119606205822663e+00,-4.221193158482151375e+00,-3.349364230998672838e+02,-1.282731841991631683e+01,6.653316887433584270e+01,2.587589444878114264e+01
5.825751736424162885e+00,-4.101259062813255696e+00,-3.354596605788813690e+02,-1.170272182675179629e+01,6.697732500039009551e+01,2.686434836162737128e+01
5.874057594329070930e+00,-3.982888839654037838e+00,-3.359943963898260222e+02,-9.721350290388160786e+00,6.758223010480352855e+01,2.709242710916189978e+01
