,index,pos_x,pos_y,pos_z,ori_x,ori_y,ori_z
0,6143.0,0.0,0.0,0.0,-24.55245179978188,13.315686065171908,-21.583888921144226
1,6144.0,-0.05992762809808738,-0.11096270978941902,-0.6196124871613051,-24.64022402637003,13.690520950564997,-20.72672129989917
2,6145.0,-0.1335091538770472,-0.1978203749882823,-1.2390868147607534,-22.84013136607201,16.093394339617515,-20.83517065520756
3,6146.0,-0.20894004068586813,-0.29193012359178283,-1.8703625544110878,-22.42354269961718,17.256043776423443,-20.646272683402668
4,6147.0,-0.2833191877837038,-0.39158784900087085,-2.493984825132827,-25.11221096675861,17.005663290128403,-19.99409776606189
5,6148.0,-0.3735545321278,-0.4799121096784802,-3.120294431613047,-26.977422880225348,19.02011093835948,-21.743466431892184
6,6149.0,-0.466676539946036,-0.5862305853947873,-3.7443467315625867,-27.17312374112465,20.24561071475843,-25.42705690040489
7,6150.0,-0.562020331395817,-0.6746966011104405,-4.3573398740325615,-27.033456496303,22.36100293011033,-26.48627577118039
8,6151.0,-0.663436335841233,-0.7631693612341905,-4.972974040180986,-26.28594618761403,23.924047255246272,-25.352082244627947
9,6152.0,-0.7690529249719988,-0.8608378365439648,-5.593375085210681,-24.46946933593847,22.413247961423163,-21.25059578842079
10,6153.0,-0.9023278520895204,-0.951158080102573,-6.194148872338047,-23.272476183372543,22.523750753619804,-19.176975863661397
11,6154.0,-1.0315047696756583,-1.0399559975951433,-6.8018699158536435,-21.47790368810439,22.612349066099625,-18.158589039655425
12,6155.0,-1.157511261328533,-1.126768883657519,-7.413502374428049,-21.52062686360001,23.31797760331774,-18.47357270072288
13,6156.0,-1.307689824917499,-1.22143460739494,-8.012184585674675,-22.149969010670024,25.922220575204538,-20.04737687345037
14,6157.0,-1.4466778083221552,-1.3015974388190443,-8.61000440817051,-21.15601700157388,25.876411093662465,-18.944429339125165
15,6158.0,-1.5978024768661534,-1.3948982437844961,-9.207300347007958,-20.16045919509248,26.824595410543267,-18.678688630866557
16,6159.0,-1.757417974503547,-1.4745338265931878,-9.790990426320718,-19.446203007728023,27.04741431380554,-18.112978414717453
17,6160.0,-1.9155165522110842,-1.5549119872486017,-10.386174503542208,-17.620931107061075,26.958214854219957,-17.95850886606211
18,6161.0,-2.07573082333592,-1.637657563051448,-10.969648482733191,-16.915416683367503,27.464175124426443,-17.38976049843957
19,6162.0,-2.245661122080323,-1.7013803767820264,-11.547813684228117,-17.371082214376056,29.018902069547018,-19.151396429464157
20,6163.0,-2.4134695494811704,-1.782186327845352,-12.12832708339829,-14.804352102464437,28.457415607713127,-18.1112211365828
21,6164.0,-2.5933906764959014,-1.8494217865728615,-12.700836308486885,-13.556648241340064,29.010641556311025,-17.6605681287787
22,6165.0,-2.7752458769028396,-1.9232585094096066,-13.273165713492773,-13.091641864973043,29.91287535196481,-17.724505482205068
23,6166.0,-2.952862640287355,-1.9897532195360554,-13.840908508749465,-11.807071323132192,30.363540560693373,-17.491005504410822
24,6167.0,-3.140254782373825,-2.0533436226182857,-14.408763619413776,-12.064491138292665,32.933251062547015,-17.87326721906713
25,6168.0,-3.330386779716342,-2.120637411910593,-14.970090992252523,-9.19268469668237,31.140450590406456,-17.17645366414798
26,6169.0,-3.5302901011045984,-2.183200523412779,-15.537327781819073,-8.519486553724835,31.97588173983793,-16.030516257195732
27,6170.0,-3.7226867526809686,-2.241603277434706,-16.098050723017394,-7.1724302901146935,32.6166514411146,-16.18609750116474
28,6171.0,-3.9189124460479423,-2.2960727250745094,-16.655092495494046,-5.7953197455493415,33.21120420116978,-16.056514609588177
29,6172.0,-4.103415178885085,-2.3671989096561674,-17.215300060381196,-4.436355399429771,33.16527211300942,-16.079155126667956
30,6173.0,-4.307748035112164,-2.382269049326851,-17.758218980531126,-3.105253095399578,33.84108714159285,-15.494627946022437
31,6174.0,-4.501095327992549,-2.440117875328383,-18.317593898434183,-1.979201910002233,34.08689410065075,-15.04055053843623
32,6175.0,-4.693962368104799,-2.4768727025847284,-18.871847511180107,0.6245621952333265,34.70719121227377,-16.759976786570462
33,6176.0,-4.896744848294368,-2.5174525055481354,-19.433772249409344,1.4120461413292176,34.63438456369497,-16.560659110056758
34,6177.0,-5.093097745298084,-2.5319462291572563,-19.985552345096607,3.378679157460548,35.27296731566714,-17.036550004809914
35,6178.0,-5.279926221862068,-2.562516792625388,-20.534683988277976,4.048993062059877,36.2299751166127,-17.969177995851656
36,6179.0,-5.474700507139729,-2.579714046382719,-21.08194263202904,5.638422957488314,35.48663831745817,-16.554307974333714
37,6180.0,-5.673624726256212,-2.5927215309291114,-21.623989483163882,7.279591892166345,35.07951077357856,-15.457922075270112
38,6181.0,-5.867381284495048,-2.6019842406489033,-22.16964520261999,8.496323227833528,34.96979922780348,-15.141682579631135
39,6182.0,-6.0499227817565036,-2.598259451116064,-22.7118669106398,9.911958477746047,34.513317019009875,-14.700970771418696
40,6183.0,-6.234306777643267,-2.598191442995926,-23.254219216905483,11.846540186920212,32.500932483800135,-14.65093667039321
41,6184.0,-6.408389715310677,-2.5808497478326444,-23.80334177977838,12.421164274974307,32.08633246504415,-12.43160920429087
42,6185.0,-6.587351768559818,-2.564165879861662,-24.345211877463043,14.376427240646622,31.3824270269508,-12.763916991905258
43,6186.0,-6.750982484864616,-2.526971057285323,-24.89008620349344,15.733225785600442,30.65027428442947,-12.866683259706672
44,6187.0,-6.925596270284623,-2.4891238149460833,-25.42435534325267,16.94845693518279,30.572307909582022,-12.471535122426769
45,6188.0,-7.0721471497618715,-2.441401340991547,-25.969257716757028,17.592189880671803,29.38862171977244,-11.197031758111844
46,6189.0,-7.242019987050396,-2.3910272475155807,-26.505860296120375,18.439535041378274,28.781053796060167,-10.571821989922878
47,6190.0,-7.385777032472558,-2.3143294855487966,-27.041327943976967,19.683147914032,27.81481775053902,-10.4499467803815
48,6191.0,-7.541887276671368,-2.2498966863082615,-27.571199054666266,21.178053572787864,27.325807129369647,-10.183803583019806
49,6192.0,-7.685018197904391,-2.1792758779829455,-28.107447580458285,22.153612399427587,26.355020775217387,-9.21374560890135
50,6193.0,-7.821334613829011,-2.098225722079974,-28.64371414569655,23.31172708896144,25.21996075367628,-8.613207681844296
51,6194.0,-7.944325989625432,-1.9979535649320042,-29.170632993471685,24.029933787775445,24.325789059184057,-8.165021861304501
52,6195.0,-8.063773898203435,-1.9018657793563989,-29.705202560158284,25.676077630510598,22.82216361450125,-8.065840183072618
53,6196.0,-8.179292082046418,-1.7965765888295664,-30.23461249485723,25.90105945312697,22.037716857220182,-7.295027149818275
54,6197.0,-8.288441209522265,-1.6903384726432478,-30.76371422059364,27.557048717199663,20.821959986715346,-6.584148223120762
55,6198.0,-8.375991956833875,-1.5653232340192744,-31.28792207042835,28.091546256558445,19.18615335724188,-6.605408015217724
56,6199.0,-8.466154062785677,-1.4431744956409602,-31.809323419460185,29.373810678728244,18.00267147472638,-5.480755298332813
57,6200.0,-8.541536406682013,-1.3259169684258723,-32.332067272016445,29.844927188789512,16.478801389981037,-5.000925992408773
58,6201.0,-8.614359954633894,-1.190054898278845,-32.85743206093798,30.76337825606301,14.952858539357784,-4.474399023809531
59,6202.0,-8.669648341915458,-1.044418965517707,-33.37990147307889,30.474127595859205,13.525942528669578,-3.908493710123117
60,6203.0,-8.725647242915967,-0.9009138915704398,-33.894060536776266,32.31953033188466,11.646733959169104,-3.7111200953092096
61,6204.0,-8.78223128701152,-0.7562307032919762,-34.41258219333497,33.134005892478726,9.922990823380774,-3.520221046038507
62,6205.0,-8.828840096282542,-0.6098088089095199,-34.92516839682597,34.00585408500474,8.235945082080814,-3.2822097450944923
63,6206.0,-8.869585048573263,-0.45234278513987647,-35.440231159802465,34.55765330500248,6.62258096020904,-2.718505453431256
64,6207.0,-8.913909260009587,-0.27438842048172774,-35.948503082030186,35.19407865557258,5.900346539321114,1.4650908741493631
65,6208.0,-8.928885216344305,-0.12236466694685078,-36.43461307035804,35.78176116492024,5.228757237853354,3.657463779392637
66,6209.0,-8.944703693635311,0.020844530407657658,-36.95016821682424,35.7245857836301,3.4927421432664096,4.507416001040887
67,6210.0,-8.961400581174157,0.17720439549077582,-37.45824145460958,36.69817734142875,0.6251849722845315,2.9038692332894125
68,6211.0,-8.969393737130684,0.34167760236232425,-37.97532200068639,37.01355327874835,-1.3909340578340506,3.212460578188922
69,6212.0,-8.965160257783683,0.4999945302637343,-38.48832168960348,37.80408187805412,-3.35948258377533,3.6280166468724553
70,6213.0,-8.95691214347869,0.6576962568067302,-39.00275448732384,38.029088798619824,-5.298362753830931,4.069640774302761
71,6214.0,-8.936242134918531,0.8182062994038688,-39.514273049013866,38.13846610385669,-7.143191330372255,4.936379497072601
72,6215.0,-8.915581127661001,0.974367544864549,-40.026045439292716,37.77614359613907,-9.07884968893318,5.326767953903803
73,6216.0,-8.880338456627513,1.1451100612764549,-40.53977187783798,38.22591984820341,-11.050947687041484,6.132187701145866
74,6217.0,-8.850281086846714,1.3025538471512164,-41.0505748118463,38.29668629074985,-13.031914776217576,6.722769739143415
75,6218.0,-8.8096896096194,1.4473366962499767,-41.56460286720446,38.05624820312153,-15.014205991873196,7.195383857100368
76,6219.0,-8.75267909007,1.6093798985766625,-42.07245492330159,37.895965886075686,-16.94787830866515,8.009173266282245
77,6220.0,-8.688809371501213,1.7652366243844426,-42.582823898369696,37.955823469323406,-18.87110950526684,8.857350029574658
78,6221.0,-8.61329325314476,1.907033558623084,-43.09012571000872,38.12863951636244,-20.85706794642461,8.782992814411468
79,6222.0,-8.534088295140782,2.0360874630604258,-43.6040554670478,37.67209453407925,-22.755571176683755,11.429602669423282
80,6223.0,-8.444180697285582,2.1877632472371715,-44.106460449446814,37.0623005730004,-24.754231460786183,9.697657941920204
81,6224.0,-8.34955530112974,2.330500132579573,-44.612049434368686,36.70334527567952,-26.788524320253764,10.835347241631045
82,6225.0,-8.247716501673485,2.4736010523809,-45.11390152495767,36.235294547426285,-28.907610305703,11.336721533152122
83,6226.0,-8.134564329287956,2.607935595543495,-45.60873136874807,35.137186775544656,-30.892640457809016,11.661071930251005
84,6227.0,-8.015695295711023,2.7359900632264953,-46.10585240212083,34.72033432704866,-32.60430880852115,12.43785483268307
85,6228.0,-7.884077582316489,2.8694696044251486,-46.595651735313936,34.22990987318843,-33.89260069393373,14.481300764425797
86,6229.0,-7.7538479306866765,2.9897388532898503,-47.08808255291203,32.902658914797335,-36.31934161807375,14.103578518220855
87,6230.0,-7.614349171322609,3.09414431362336,-47.570561691611346,32.48819584976186,-37.97691861244011,14.877805423589558
88,6231.0,-7.448155157605383,3.209881476061014,-48.058709680187434,31.0970329255886,-39.75170656753642,15.55651814851852
89,6232.0,-7.2876032709797185,3.3182163369795035,-48.52535423257234,31.30860018756053,-41.0225991855684,17.400511296958506
90,6233.0,-7.144296471643273,3.4239623098312677,-48.99956758150242,29.76618447255541,-43.14931025950282,17.45898922694641
91,6234.0,-6.980400252826759,3.516753989509084,-49.4645783002897,28.763120019691083,-44.41308922262473,17.92749674658889
92,6235.0,-6.810947476079213,3.6155049694453965,-49.9268455760282,27.66773308406826,-46.75506633368281,19.37663959837171
93,6236.0,-6.628738474645898,3.7035667455078283,-50.382326856225916,26.388181567017185,-48.22182084046318,20.471203098924438
94,6237.0,-6.444988150657469,3.7835657641287526,-50.84184050605617,25.259664415012445,-50.09447530241725,20.375227850945613
95,6238.0,-6.2618470054370725,3.852145450838975,-51.286503664077344,24.24113072494362,-51.53157987886511,20.96292796910361
96,6239.0,-6.074386421168866,3.936322091574425,-51.73387912437269,22.729460798227297,-53.61862279750614,22.34745114676901
97,6240.0,-5.88704678211882,3.9940152534200024,-52.172979856285224,21.49290387618135,-54.629599153679365,22.69184887137213
98,6241.0,-5.698094627738856,4.060231096194116,-52.606427682314035,20.29774531783925,-56.68759741094119,21.42668220882734
99,6242.0,-5.507197976441227,4.11216677504558,-53.04675628134328,18.37589185605798,-58.07597580550463,21.412366838354675
100,6243.0,-5.320080916937809,4.168837915783342,-53.476401354096765,18.279141916930293,-60.633313212760704,21.03543775361902
101,6244.0,-5.122556456918176,4.223656671536446,-53.905250135145906,16.177080695097246,-62.30597718902696,21.01290591916952
102,6245.0,-4.928569920531755,4.262470118777401,-54.328229655105105,15.319517388784767,-63.57846921954879,21.823041586554947
103,6246.0,-4.738385981999396,4.294530187219721,-54.7512352512193,13.773220050764552,-64.9817175955984,22.2417037068234
104,6247.0,-4.540477696331169,4.326768558293111,-55.177483473499564,11.781147485173564,-66.34500697392991,23.34552470477343
105,6248.0,-4.34120282182667,4.342521990739783,-55.60182392789855,10.733421051625474,-68.18661453701245,23.44809053684797
106,6249.0,-4.147694642523721,4.3542020823171015,-56.023350928471814,8.887730659291073,-69.41631926151851,24.28316695646553
107,6250.0,-3.9582456236579895,4.366863230157833,-56.44750915508004,7.956855379077487,-70.14088035337095,25.296587157392796
108,6251.0,-3.765894398813555,4.382587082992359,-56.86258340411533,5.441743355259125,-71.4650557174552,24.5201168434127
109,6252.0,-3.581707468344585,4.377683746658363,-57.27774451588442,3.624870027516735,-72.70394760371272,24.56537954232412
110,6253.0,-3.3944896703207466,4.376762842057019,-57.7039921828225,2.3749050471739204,-74.0084507534737,25.96845522672336
111,6254.0,-3.2166005338080366,4.365719604207129,-58.1228426639847,0.7165319540606496,-74.73359074936315,26.64380920163876
112,6255.0,-3.0385603247658466,4.352092682219563,-58.5425586838912,-0.3957078975948151,-75.95911327953262,26.757701772886016
113,6256.0,-2.85637268791304,4.321837287357994,-58.966164175433306,-2.689243887714043,-77.1427327003991,27.130890466153755
114,6257.0,-2.6791745093023143,4.288593795105612,-59.398422113613464,-4.389631794874332,-77.909030587876,27.68017612881967
115,6258.0,-2.502618164874999,4.259612966169698,-59.81856943277853,-5.64979241162864,-78.96697536837006,28.22104278020189
116,6259.0,-2.325335927723395,4.218988329831177,-60.2456953830079,-7.387471209338033,-79.84815713487471,28.55575693024361
117,6260.0,-2.1597739089917067,4.167469531021425,-60.67497010894766,-9.538364067555738,-80.9478575445215,28.44320049489998
118,6261.0,-2.013307779141584,4.126103298465296,-61.106411205864276,-10.535359293320475,-81.4124898446736,29.725582689001005
119,6262.0,-1.826258758234411,4.066955452156435,-61.52947933034599,-9.71365186958052,-84.27292498254793,31.58594965943378
120,6263.0,-1.6580588767199664,4.022600019709444,-61.954528227558114,-12.509863324233155,-85.07026841318464,32.570370120724135
121,6264.0,-1.5102063139608637,3.953678513900286,-62.3701091802306,-13.301127774417582,-85.30085159941979,32.559656108296906
122,6265.0,-1.349582406772428,3.894393181034161,-62.80945356208281,-16.142051295055104,-87.20770029303847,33.11989733931606
123,6266.0,-1.1994246565566882,3.820215986782614,-63.256439018077515,-17.772952307779647,-87.76369246344268,34.35130775415924
124,6267.0,-1.0564722216133617,3.7410527268749547,-63.68372046921306,-19.749083485225057,-89.07308001242872,34.06320370938838
125,6268.0,-0.9110486252614427,3.6651851191810465,-64.12630661628901,-20.407174745212785,-89.2171408576611,34.355565357980915
126,6269.0,-0.7736616931456117,3.5752583547950962,-64.56287326178929,-22.094519648363224,-90.56685117769692,34.73853706355718
127,6270.0,-0.6385077182736056,3.4871619717116573,-65.0052717001177,-24.205275586063348,-90.9282942958753,32.699010802876835
128,6271.0,-0.5079147030140811,3.3939762377546003,-65.44864571281096,-25.39516176136149,-91.75497513766538,32.801529842406744
129,6272.0,-0.35860187029404855,3.271561090400155,-65.88936879502654,-28.65797374451566,-92.93153120068172,31.542229691984048
130,6273.0,-0.22500660224909907,3.175224879631969,-66.33415445229966,-29.37653815081289,-93.648534426452,31.420297893964477
131,6274.0,-0.10114649265109232,3.070545490743598,-66.78891816725647,-30.794606746263348,-94.86067865653342,32.09260101670794
132,6275.0,0.027783622728975388,2.963925194772287,-67.2410429078509,-32.64283568262624,-96.0999608898253,32.485755931827576
133,6276.0,0.1576766124071547,2.8522445604851328,-67.69189332797166,-33.6739870270862,-96.92508622336696,32.565722751599175
134,6277.0,0.2708293079318018,2.756901555965783,-68.14527500470277,-35.07139021214845,-98.04238435498311,33.31383727058115
135,6278.0,0.38918174313370724,2.643139574251336,-68.60355379940054,-36.63522995931692,-99.35206100802408,33.40392929777416
136,6279.0,0.5037338334374679,2.5385266324794884,-69.05543236559927,-37.174928455233264,-100.72413701363143,33.77280806534481
137,6280.0,0.6213985376367228,2.416189374380906,-69.51437718093072,-38.67130940607803,-101.61047874390496,32.45214023268798
138,6281.0,0.7433253266214255,2.313950884766655,-69.9713936065611,-40.21966827047366,-102.96526863592968,32.25417845775341
139,6282.0,0.8624980485205249,2.206497564136953,-70.42413202379913,-40.48458967288544,-104.20096317134866,32.033229517392066
140,6283.0,0.9747142997359752,2.0921407018755644,-70.88578658884114,-41.81478618026525,-107.73139155248032,33.69874087048231
141,6284.0,1.0947858637110883,1.9687991078915275,-71.35016221116956,-42.87632823431551,-107.08480364209268,31.887790084728707
142,6285.0,1.2119394867445568,1.8695105341200815,-71.80808861582017,-43.70346215652253,-108.24489550789156,31.47924276816412
143,6286.0,1.3340445899796034,1.7438037631141015,-72.27352152902088,-44.47749126194251,-109.68909600985585,31.052842553753774
144,6287.0,1.4483676968349117,1.643008555806773,-72.73242858061627,-44.45944827519294,-110.9432982605322,31.27184901403273
145,6288.0,1.5733571985945174,1.5251604739081586,-73.19632052895014,-46.32291927616596,-112.86463184285743,29.649262030236727
146,6289.0,1.694066728946865,1.4138197572322042,-73.65394430585195,-47.91647660312632,-113.97809984066622,29.28417970656089
147,6290.0,1.817610025169171,1.3046631244241098,-74.12304671051797,-48.1742723546008,-115.05124499676428,30.5875855162399
148,6291.0,1.9437365403873645,1.2065271418388193,-74.57957906597468,-48.19639299305793,-116.78330180240764,28.78746766876263
149,6292.0,2.0681329054459523,1.1050061068359582,-75.0429677834669,-48.64335153167244,-118.1686325430372,27.877373620301928
150,6293.0,2.1893545589271213,1.0019866146841423,-75.5005670915123,-50.02946246860143,-119.95357267367312,27.566520391681426
151,6294.0,2.325496579759643,0.9125578005899797,-75.96085307089623,-51.0266544482844,-121.3573386890884,28.751375757339723
152,6295.0,2.460093819343953,0.8155082305604537,-76.41201129482494,-50.98091135738624,-123.3975110623798,27.257493883705603
153,6296.0,2.5838214239818553,0.7229470513159413,-76.86780165352675,-52.700875052293554,-124.08344845569806,26.057269291026
154,6297.0,2.726453939154892,0.6320442712552676,-77.31879810690504,-52.600578854719565,-125.5107569812928,24.58269486856713
155,6298.0,2.8562313429807427,0.5533872611554216,-77.7755427383918,-52.62672368343432,-126.74807155125274,24.88468125420247
156,6299.0,3.004161432062186,0.45810609014756665,-78.2217034586013,-53.07451840976205,-128.41778933244333,23.782270013567214
157,6300.0,3.148233537891749,0.38015933371968913,-78.6689682640488,-53.83078843012508,-128.70847132019847,23.05563998480677
158,6301.0,3.2832986087184084,0.3003824666733408,-79.10932321788002,-54.3669936077997,-130.4385355207024,22.513099136594477
159,6302.0,3.4277309028389196,0.22542419639864875,-79.55851964843995,-55.143187439738426,-131.98247120730684,22.421364749327186
160,6303.0,3.5673732249339887,0.15210206728329467,-80.00416050994914,-55.59830053996134,-133.13199184619384,21.388019525147463
161,6304.0,3.7066025389285615,0.08504082138438207,-80.44443527628164,-57.44431900894215,-134.15381168345365,20.197078028883936
162,6305.0,3.850262796547958,0.004779488165354451,-80.88973308439097,-55.87039777287605,-135.67083678295305,19.92805249721328
163,6306.0,3.9933817974775154,-0.050721317110173914,-81.33124534942087,-57.5346824354836,-136.5217052757567,18.599405167946585
164,6307.0,4.142437336440213,-0.1179222237472004,-81.76817324631423,-57.95853013515804,-137.59893163948342,17.86736261226191
165,6308.0,4.282880908612758,-0.1907940092391982,-82.20975499508882,-57.98273781525134,-139.11969141330894,17.052946978432534
166,6309.0,4.425421866273571,-0.23827484551588896,-82.64741715278058,-58.11797138526259,-140.05459177858228,15.983402938295384
167,6310.0,4.564681315134414,-0.306157959963798,-83.10083095258366,-58.96855161873156,-141.22063490083934,15.483142164875968
168,6311.0,4.697141727742864,-0.36651718469465777,-83.54065571603863,-58.99287311581097,-142.7164541380561,14.119405352552764
169,6312.0,4.835461289531922,-0.4265479121434055,-83.98943927435212,-56.06078118539087,-143.83468875276262,13.402983169041448
170,6313.0,4.970319296688582,-0.47612039149646534,-84.43127747774614,-57.74314108980277,-145.18440006498835,12.919970612268392
171,6314.0,5.1037971255567784,-0.5293592003290541,-84.88638294192316,-59.64976074900783,-145.80786493379986,11.354570400398108
172,6315.0,5.239714340510605,-0.5789959922714161,-85.32977542028269,-59.68855832496691,-146.72393827029836,11.704763897206885
173,6316.0,5.370580643939628,-0.623512595881266,-85.7850331773945,-57.74541010533429,-148.53259298037966,10.561301991280835
174,6317.0,5.505424540225785,-0.6726826370332901,-86.23411739127616,-59.63173840033593,-149.1850900924026,9.162717634564125
175,6318.0,5.635212947759276,-0.711236970180039,-86.68714489139381,-59.89186681306728,-149.51814097705312,7.750390875252101
176,6319.0,5.765123531193317,-0.7662529580832143,-87.14555888038961,-60.68863521964931,-149.85677425275864,7.226745006465714
177,6320.0,5.896924109198207,-0.809192740824983,-87.60586278509061,-61.07037289883981,-151.84531426948507,5.648852612716237
178,6321.0,6.02024252852608,-0.8467813388983814,-88.06799494490542,-61.687860759065344,-152.9603237244077,3.7807566441615386
179,6322.0,6.149376047609578,-0.885816465888638,-88.53477075495516,-60.431605649713845,-153.39708925904597,3.8469313523253774
180,6323.0,6.273546106147893,-0.9270257469746639,-89.00066887512503,-60.30453300200298,-154.8144514669402,2.841598251667962
181,6324.0,6.388020723127837,-0.9593863548686841,-89.47224107072134,-60.94573078993298,-155.55573750485843,1.3787494508487983
182,6325.0,6.502491898300344,-0.9986522838460132,-89.9395914471439,-61.69723741888267,-155.65931079155175,0.3183547210754023
183,6326.0,6.6309993648661125,-1.0259962955883566,-90.42020145671486,-60.93600399875274,-157.80701651018094,-0.895859078203685
184,6327.0,6.752322537906273,-1.0549043791365875,-90.91054655074444,-60.99317338955515,-158.23516069686042,-1.888022093051139
185,6328.0,6.854281658865379,-1.0914531092307698,-91.38716062130996,-61.13399536236777,-158.7198218579024,-2.707618736077116
186,6329.0,6.9747062749438316,-1.1122669612952905,-91.87718635665452,-61.12007670810259,-159.46293488609922,-3.728993124359028
187,6330.0,7.083485464698181,-1.1322120018591022,-92.37007691091759,-63.39661974423114,-158.9536811884458,-5.005102166577755
188,6331.0,7.186020944033619,-1.1656369484530842,-92.87433642418934,-63.5248781070707,-160.87852376038975,-6.618993364586017
189,6332.0,7.310802414347417,-1.178667180575303,-93.3735629199644,-64.17351514852938,-160.98727129775278,-7.183908063693975
190,6333.0,7.43144008731882,-1.1990019035315527,-93.87700566641739,-63.97674024800629,-162.169477749299,-8.543416525082113
191,6334.0,7.5281733484310225,-1.2188949100763011,-94.38016922677858,-63.93126661080932,-162.62542958717486,-9.331918101590306
192,6335.0,7.621885166712212,-1.2216212510622881,-94.89530412938284,-64.13770121568403,-163.62181135649345,-10.454942758023424
193,6336.0,7.725653835605466,-1.2545926992165732,-95.4070996483906,-66.1421348820857,-163.80793085341975,-11.934162514383912
194,6337.0,7.832480786203052,-1.2730536496931109,-95.92052994570265,-64.1399078242504,-167.8616144631926,-14.22668866629305
195,6338.0,7.932811772231177,-1.278511706900872,-96.44782523041425,-59.724909627863845,-169.9208198279028,-14.775825580048716
196,6339.0,8.031423989104407,-1.2800011580932278,-96.97970685496732,-64.23644453317134,-169.85502338576532,-16.723505639173716
197,6340.0,8.138477480516567,-1.288085239898919,-97.52080015129876,-62.08427997894111,-170.89173865101176,-16.84707511155081
198,6341.0,8.23793584886156,-1.2809811630069134,-98.04699841254495,-62.46171668745926,-172.4734529393045,-19.142037457953688
199,6342.0,8.339468626860839,-1.2902111887227647,-98.59200500327415,-61.67466513085753,-173.4551361708955,-19.527651557130568
200,6343.0,8.445893820435543,-1.2880661949798196,-99.14117858526234,-61.02494847472576,-174.82453896833934,-20.15288850954447
201,6344.0,8.545944289254471,-1.2868733925870401,-99.69303908958791,-59.07020882951381,-177.25097265962714,-21.387086993687948
202,6345.0,8.647165109405911,-1.282518523193744,-100.25470915026467,-58.893831060972566,-178.81681000435435,-22.82101766751346
203,6346.0,8.747336996063574,-1.2742121037498464,-100.81566054879451,-59.81710111961287,-179.94006464709358,-23.3754824285677
204,6347.0,8.84707171859369,-1.2602025589394543,-101.38045435693694,-59.330323399987286,-181.2118437098605,-25.43125327650667
205,6348.0,8.955598421107688,-1.247046202516799,-101.95245170250139,-62.335909686028735,-182.05779176959865,-26.776296075132624
206,6349.0,9.065290277369204,-1.2370989088071838,-102.52355744073067,-60.24863681053885,-183.81185527405583,-26.506577353626795
207,6350.0,9.167668644259319,-1.2188925559996733,-103.0958753758996,-57.26651383940477,-185.90697307977888,-26.577424847379326
208,6351.0,9.276522412861716,-1.1980231930469927,-103.6784013012849,-58.69154367409092,-187.13903252623237,-27.836368636491724
209,6352.0,9.390790384014132,-1.1780481803809835,-104.25948533235187,-59.29783846052076,-188.38355375521184,-28.574064691424613
210,6353.0,9.513408125557689,-1.1542953325131293,-104.8472359591526,-58.55490496070436,-190.2305227827625,-28.554924362173946
211,6354.0,9.624938738242793,-1.1312339476279476,-105.4332037160131,-58.98284718548,-191.28221277700305,-29.103508397985504
212,6355.0,9.745117159742726,-1.1003900337146888,-106.02224871906634,-58.5253025617835,-193.39060450271063,-28.863277902030266
213,6356.0,9.868360433338811,-1.0741833926257414,-106.61362508655488,-57.32430266949211,-194.70170031488647,-29.96151569195184
214,6357.0,9.9940253261369,-1.0442387405211093,-107.2051917878747,-59.821751982552506,-195.4115295268235,-30.38267513885381
215,6358.0,10.130151308123413,-1.0133384947063178,-107.80026917139108,-58.84648463103792,-197.1764208215499,-29.95261644134891
216,6359.0,10.26080277346955,-0.9841602789120998,-108.3885129681964,-59.47391157502204,-198.3018770706578,-29.40683036540238
217,6360.0,10.401667556408956,-0.9537873118969173,-108.9870567323638,-58.97037574476713,-200.20003988927425,-29.51868628482453
218,6361.0,10.54548221702278,-0.9260810748703534,-109.57993052777391,-58.33891757661243,-201.778661853915,-29.26961388829984
219,6362.0,10.681121746762589,-0.8904228109992118,-110.17424461292671,-58.35909855008016,-202.85611219744249,-28.680727014822534
220,6363.0,10.836567424734387,-0.8638673525232434,-110.75900555177512,-59.19932443588504,-204.19189892403563,-27.725958971028696
221,6364.0,10.99423751258782,-0.8381387936874489,-111.34765326758938,-60.4012842903006,-205.4178516095908,-26.908560566880983
222,6365.0,11.14230691969745,-0.8183721663634742,-111.93703688139837,-59.93137853623964,-206.6104976399364,-25.60843367851248
223,6366.0,11.305436182623424,-0.7961262249315268,-112.51660110464026,-58.92222693592661,-208.152664911418,-25.163267161482302
224,6367.0,11.474739066424117,-0.7785698079605936,-113.10632839137284,-59.55122803864588,-209.0951876156909,-23.94292274066908
225,6368.0,11.644392675449453,-0.7512356192446532,-113.68216850507957,-59.84038959364643,-210.0522318130429,-22.99402420764057
226,6369.0,11.816945001845117,-0.7436402939533764,-114.25907529803968,-58.93669178381703,-211.27668987562868,-21.568146991252668
227,6370.0,12.000398780764154,-0.7364495836229707,-114.82900768677935,-59.97324461326974,-212.134971994054,-20.3888552133995
228,6371.0,12.177806505284629,-0.7279923073009513,-115.39822689084123,-56.56708945965459,-214.1006142577365,-18.795851568673584
229,6372.0,12.366625363380614,-0.7208333167159253,-115.95724099260303,-59.509424590522265,-212.80796660033744,-16.646845417989972
230,6373.0,12.541912740125913,-0.7200135850570177,-116.52840919004113,-63.06252604533128,-212.28008850889748,-14.713599460690574
231,6374.0,12.711422927596491,-0.7280746593385174,-117.08509631226971,-63.47672451899325,-213.2568650403763,-10.37767869993159
232,6375.0,12.909996421727634,-0.7358242408104161,-117.63350094264432,-59.26136539697477,-215.82625989175287,-9.574552479622993
233,6376.0,13.082909243343455,-0.7428316283805998,-118.17340061966767,-59.05379722535115,-216.29082141448885,-8.0966830530643
234,6377.0,13.285682605178152,-0.7643779974462177,-118.7251474979342,-54.751738388127066,-218.07830191256696,-8.296014539763485
235,6378.0,13.468217696349967,-0.7796044305976011,-119.2691955512759,-52.77598220389123,-219.07264216996785,-5.686825946493053
236,6379.0,13.671107600031497,-0.8107850644751124,-119.80728317851916,-54.13532331844716,-218.84394789380693,-3.7037182176427432
237,6380.0,13.865716829440249,-0.8412671988813827,-120.34750865149567,-56.8207344718071,-217.6839065377286,-1.3587983970519688
238,6381.0,14.05178960024331,-0.8696043201981638,-120.88161882477208,-54.983938423950654,-218.7439272718753,1.6929846354038094
239,6382.0,14.254802233796163,-0.9075977700366593,-121.41186598715657,-54.17578261171938,-219.32219780097145,4.236583169796159
240,6383.0,14.443255991495636,-0.9569186069001034,-121.93769465163348,-56.81704816010625,-218.94587054831624,8.503820280305707
241,6384.0,14.638637788049117,-1.0016175358191504,-122.46832947796344,-59.26761210466002,-218.05944774685076,11.067967390276614
242,6385.0,14.818240193246929,-1.0639205555936542,-122.99336331270963,-60.95875842960625,-217.68414621430895,13.19778166863009
243,6386.0,15.017265532969404,-1.119493335104039,-123.51445155856452,-54.99210469659136,-220.4904956046376,15.16182712639326
244,6387.0,15.191801570264914,-1.184350918194923,-124.04080028437248,-53.76727893787529,-220.2508411125353,18.40975647619233
245,6388.0,15.374805374018894,-1.2490541971957327,-124.55205196492962,-47.46827556100556,-222.5971813287091,19.455228048942285
246,6389.0,15.562980945630336,-1.3269494441719871,-125.0610972542314,-47.910274965939706,-222.46566957941772,20.828396224515505
247,6390.0,15.748633468343542,-1.402359212555325,-125.57526232277469,-52.62016693979904,-221.1661767771068,24.54706108002501
248,6391.0,15.901875891609148,-1.4891867354861006,-126.09016483971132,-47.40816154047462,-222.4205975377347,26.99048557722244
249,6392.0,16.0813619278392,-1.5726547256401773,-126.60775783381311,-45.61949363493183,-222.24481234819115,29.84703339717852
250,6393.0,16.260958769438858,-1.666983667387285,-127.11124069124591,-45.39460321288304,-221.83603762846303,31.30153628922601
251,6394.0,16.42146314366768,-1.7623870721802177,-127.62745231328527,-44.529613018041935,-221.28640890647043,32.809012324168975
252,6395.0,16.585330767706257,-1.8602385401507036,-128.1378378892011,-43.388429544280015,-220.93119745055304,34.88674041154773
253,6396.0,16.750758089110366,-1.96886048071417,-128.64067867874678,-42.20062021226661,-219.68796641266297,38.07026092798542
254,6397.0,16.895893546349107,-2.0802435886112107,-129.15159844078778,-41.97336802410178,-218.9151285838787,38.912509070433416
255,6398.0,17.049552233528985,-2.192125239238294,-129.65523700323064,-39.81105521410664,-218.00404068568727,41.656156644603975
256,6399.0,17.19377846443823,-2.3101590707760806,-130.16527400284934,-39.204581667674965,-217.0712139891668,43.20451182677597
257,6400.0,17.337590631108796,-2.4290594528060865,-130.6723853396204,-37.48764169890305,-216.1449117263358,45.52582167225362
258,6401.0,17.472049399390986,-2.5550822422505917,-131.17828386192048,-36.46062389954976,-215.2797768632136,46.90143861297528
259,6402.0,17.597080296364794,-2.673780972098257,-131.6852175775424,-47.36530277762863,-207.08544115362469,56.24077664323228
260,6403.0,17.733546600480217,-2.803947612787624,-132.19810317390147,-58.61276027028601,-202.5837144363466,50.077761360972445
261,6404.0,17.858729612393738,-2.9414611000873947,-132.70354228605527,-46.765373954630014,-206.12167155756467,52.651947197058064
262,6405.0,17.972576783079376,-3.0698885047806925,-133.20620263237868,-32.4464944724985,-210.23110606332887,52.92410941195801
263,6406.0,18.076565705920185,-3.2090947647740222,-133.70963235928969,-31.495513673251384,-208.7168208261685,54.547905979871466
264,6407.0,18.183960604990727,-3.349119422006879,-134.2208552415765,-30.66613411009413,-207.74454872740907,55.73250074508656
265,6408.0,18.287305690164096,-3.48757542730516,-134.72548363590226,-29.264155333129743,-206.0900100619418,57.62649664037532
266,6409.0,18.384583284574965,-3.6335389975342878,-135.23064620928972,-30.07930705910755,-204.1778764920494,58.92972587690791
267,6410.0,18.469799012769467,-3.7725255132796747,-135.73605970037048,-31.76495820202196,-202.2084182895943,59.78720003364607
268,6411.0,18.560105368316744,-3.9228471806211473,-136.24595774580794,-27.240656295270902,-202.1106844294282,61.17547530415043
269,6412.0,18.626331040777018,-4.076866555667948,-136.74947247423722,-27.449649850732584,-200.30798952167376,61.48912663691193
270,6413.0,18.708641406073124,-4.227128209855891,-137.25655293303254,-26.98108615140308,-198.4047391764124,62.83370520337256
271,6414.0,18.774680777167216,-4.3801132073683675,-137.75976749091714,-26.31391613281003,-196.95526593694456,63.61999932518928
272,6415.0,18.83266611984763,-4.541056880582687,-138.2648033593186,-25.19263393803971,-195.7334300822116,64.72967702163629
273,6416.0,18.891277724957124,-4.693879741434671,-138.7762752901078,-25.15869556461123,-194.26806794621095,65.02533935363246
274,6417.0,18.93670091112354,-4.851488351554735,-139.28782856772628,-24.47737500472524,-192.6159424191543,65.60531030159137
275,6418.0,18.987970189917544,-5.01155496650108,-139.79480688383194,-23.53798865194723,-191.1591547376308,66.30287013271096
276,6419.0,19.034929856849736,-5.176648456744374,-140.2989947279603,-23.418284136173256,-189.5567372656077,66.8813968274906
277,6420.0,19.065651110639095,-5.338041103165324,-140.81776819586867,-22.1436175415576,-187.6496923023755,67.82304708403554
278,6421.0,19.096040391593863,-5.498009712929047,-141.32553076715692,-21.95450457062056,-187.262070533957,67.38953307544575
279,6422.0,19.121456862657137,-5.665006396593412,-141.83032404289122,-21.475373251923266,-184.98127155898783,68.050960827178
280,6423.0,19.121456862657137,-5.665006396593412,-141.83032404289122,-25.42361883118654,-181.6957888431696,69.50648882669586
281,6424.0,19.139027113353116,-5.835207629978754,-142.3467687202434,-22.72355954083778,-180.54322254734504,69.77971337713036
282,6425.0,19.15610689284669,-5.997965867528478,-142.8559869193073,-23.445263496214125,-178.9402005347718,69.92698166178013
283,6426.0,19.179118921128662,-6.164454235037283,-143.37295266646132,-22.347763080079737,-177.52368499237593,70.38456202189883
284,6427.0,19.1785261130388,-6.325450179251561,-143.88780342753833,-21.68782346382152,-175.99697458987472,70.12016302687216
285,6428.0,19.188888170464473,-6.502118640816207,-144.4038972670211,-19.73591346634157,-175.01086371359744,70.42269704937186
286,6429.0,19.19383227055628,-6.663929309594437,-144.92814116011712,-19.950738212647934,-173.68873069513725,69.70633058106655
287,6430.0,19.191866022630073,-6.816137394683665,-145.44344254091448,-19.43377126937628,-172.1202235825806,69.11540773292609
288,6431.0,19.18363110931001,-6.985708359208502,-145.9617072179077,-18.8654726776645,-170.74356112386292,68.98857908057798
289,6432.0,19.177108353987062,-7.1514756431614614,-146.47953859013194,-17.62460498895029,-169.69454961080888,68.37248534556961
290,6433.0,19.16646118388887,-7.30322235745723,-146.98856754390783,-16.989218740111944,-167.63724940839123,68.39446289575896
291,6434.0,19.15165365057616,-7.467218605674134,-147.51108520629327,-21.046840257990155,-164.23804902917732,67.9556450785714
292,6435.0,19.12414438466457,-7.6500703624147945,-148.0392413267615,-19.317165033573,-163.16329928226264,67.29991743560075
293,6436.0,19.096271115160313,-7.814220299747944,-148.5589138872422,-18.249285070093727,-162.78628835420318,64.89161849781092
294,6437.0,19.060481860093002,-7.969034839015421,-149.08155629233917,-18.76784372729485,-161.12229483814968,63.29814388503164
295,6438.0,19.026325797823564,-8.115498783489784,-149.5972450209286,-17.441203863871483,-159.17631990632606,64.10965254330115
296,6439.0,18.97717903727553,-8.268135468845003,-150.10383781918168,-16.492400222917436,-158.03692236588734,63.03655851666401
297,6440.0,18.921495267995084,-8.419286236795756,-150.62518432975475,-17.216124294073445,-156.05283883854685,62.30360025974755
298,6441.0,18.873894062319447,-8.55641662330197,-151.1409397834607,-13.361506317501949,-155.78983684845866,61.8405417777962
299,6442.0,18.81078189688678,-8.704568922144063,-151.65180835533312,-16.131205410358664,-152.23908499258766,63.165242408577306
300,6443.0,18.74532130447551,-8.835819966008785,-152.16195699255434,-12.520063268462003,-152.53742893273215,60.43638876101056
301,6444.0,18.663518496461254,-8.964234013491364,-152.6738941699212,-12.584247347642998,-150.28828279309377,61.70145541163184
302,6445.0,18.57668083976362,-9.098510146731883,-153.183272355667,-10.830064360070663,-149.86296109042877,58.81353968011069
303,6446.0,18.461645037108745,-9.230798140087245,-153.69960480714022,-11.610281828676152,-147.99537044386997,56.94437964433094
304,6447.0,18.36707815401922,-9.353072777957777,-154.20810435216794,-10.27547741188557,-146.94617277044327,54.79690895495009
305,6448.0,18.260687724989534,-9.471036329451067,-154.71455859737816,-10.24345081562131,-145.39000323530098,53.67951790269862
306,6449.0,18.14478247191739,-9.573172971907752,-155.2156414384581,-10.860939234962148,-143.70654838641178,51.41408996121307
307,6450.0,18.021686279538105,-9.674521628420507,-155.71597008972765,-10.201115388899996,-142.05733685236527,49.45842902005519
308,6451.0,17.885388368529398,-9.78083737707766,-156.22424346170894,-11.003879292561887,-140.1730677820987,47.569796775831286
309,6452.0,17.755479335742535,-9.877532180468052,-156.7166475755753,-12.551366068886288,-137.86814629551623,45.45368572613179
310,6453.0,17.606341154220242,-9.97800791609302,-157.20264489014477,-13.280915538888012,-136.20441837577837,44.0746388697868
311,6454.0,17.46168404644269,-10.05536891356769,-157.70122318299687,-13.905532413625748,-134.37337547027136,41.75675678593544
312,6455.0,17.311301924096515,-10.146667345941864,-158.1856736861396,-14.458125408190506,-132.3419552828832,40.43290666699355
313,6456.0,17.145651010218465,-10.225759399540152,-158.67401468991727,-13.96576019837896,-131.61023337625102,38.408056312729215
314,6457.0,16.983569856375695,-10.30057010271912,-159.14975058090093,-14.313438094759466,-129.62550056175488,37.00963525735996
315,6458.0,16.81276859268277,-10.364698633606508,-159.6286793493174,-14.359674048828566,-127.50799307779684,35.34110839556503
316,6459.0,16.63875058838853,-10.426150664608372,-160.09878063881195,-3.2830529423339785,-129.38522755832787,35.31712889412338
317,6460.0,16.46898502606716,-10.485939888851817,-160.572664858376,-0.7237448640490363,-130.13543155659988,34.22174827090783
318,6461.0,16.283681019792503,-10.54133961058858,-161.0350022904686,-0.0669577575828179,-129.13594936883416,32.602611178373685
319,6462.0,16.10118860864115,-10.589172224734966,-161.49831686290858,0.0547817798453389,-127.88442969895507,30.457872599580856
320,6463.0,15.915045621058205,-10.633326419059358,-161.9582721544583,0.5104811065024214,-126.02111076727064,28.265895681770004
321,6464.0,15.730246435584355,-10.684624009225331,-162.41213907558185,0.9973809260743705,-125.07242715547216,27.02939685776037
322,6465.0,15.540659842296623,-10.706006680355472,-162.8664134550926,1.018338854630178,-124.62801209957766,24.102689789790247
323,6466.0,15.354941482312082,-10.735056432293277,-163.32284230209663,2.4096869660917672,-122.46296529887948,23.354285599613647
324,6467.0,15.163044209623472,-10.75625579793791,-163.77044995445206,2.531408485614285,-121.36784243879616,21.28707872508483
325,6468.0,14.975645259553762,-10.77305072359377,-164.22299308972998,2.152611196537961,-120.166325447604,18.577998545980478
326,6469.0,14.791879297598328,-10.794037846167726,-164.65782196067934,2.6691334683514767,-119.55341264639227,16.955724458693265
327,6470.0,14.601148079697957,-10.811192192429758,-165.1077019595881,3.0273758729692952,-118.0200979312112,15.008989187237075
328,6471.0,14.418349765996716,-10.808505520493668,-165.55093688198525,3.3405510939072625,-117.54659774891287,13.028601466465837
329,6472.0,14.23608406384444,-10.804950600740995,-165.99286065603889,3.617604429942124,-116.09082444271736,11.0688563726774
330,6473.0,14.053502620629349,-10.799236994937246,-166.42785799330557,4.14902796462775,-115.27134670952056,9.106816998629814
331,6474.0,13.870978044745971,-10.814731971800597,-166.87304198298756,4.840644153477803,-114.0319542656897,7.212077335335166
332,6475.0,13.695802279394481,-10.77543774856531,-167.31182997155634,4.630833719886257,-113.243192689488,5.181022853189231
333,6476.0,13.519835802128384,-10.759196538081483,-167.73688633378285,9.106845392443338,-114.07941895926976,4.452572823155953
334,6477.0,13.363469579316398,-10.729123671835055,-168.20694554631297,10.4835675840508,-113.76173031289096,2.6429298677402624
335,6478.0,13.20099932826879,-10.688586772008875,-168.65832860952378,10.473906196885313,-112.68882342623884,0.4500214668598452
336,6479.0,13.04737987800949,-10.653243381488096,-169.1054977510232,10.882677819506792,-111.88679268785378,-1.530447422008706
337,6480.0,12.887878254949122,-10.61916590677356,-169.5483194353668,10.624417289487006,-111.38298350629604,-3.43144121336726
338,6481.0,12.728802789530686,-10.581533112109128,-169.9877255102253,11.481858074804665,-110.33986345904852,-5.089976075010479
339,6482.0,12.56171228263591,-10.537300299480421,-170.4367228182833,9.918310738306106,-108.9815922072875,-7.202393574635551
340,6483.0,12.406888170159363,-10.480963446759802,-170.8913256962863,9.984553762403614,-107.34295269072692,-8.423289734139441
341,6484.0,12.264314859488916,-10.427386118717664,-171.3330688902053,5.308671715936012,-105.97377362140516,-11.90792702055919
342,6485.0,12.135861001541613,-10.34759321794445,-171.78617766133038,5.953371855174985,-104.63138179174908,-13.536991957455704
343,6486.0,12.004580682616783,-10.273324459014475,-172.24196019759523,6.282707530944876,-104.4263318295672,-15.274640059588624
344,6487.0,11.869469155840207,-10.192284122215824,-172.69036496648062,6.070203184416339,-103.18112813071872,-17.51750093321598
345,6488.0,11.755475603548486,-10.104107519610238,-173.13845850246264,7.002691892138925,-102.59088841225147,-18.7560448266114
346,6489.0,11.640297911207458,-10.018497702460309,-173.6007818584523,7.151082493166368,-101.36356061399708,-20.67493243722866
347,6490.0,11.53287405393868,-9.917962830980969,-174.05972408146388,6.793046809023979,-100.84550647565514,-23.141133979181102
348,6491.0,11.421140303403263,-9.814057110455565,-174.51173974153494,7.329720913551556,-99.83362822178398,-24.709814174473596
349,6492.0,11.317985491060071,-9.704877176533842,-174.97180026335414,7.687378686715902,-98.81190299285656,-25.63006159162677
350,6493.0,11.222856018664974,-9.58517789460359,-175.4327589809,7.358281399574159,-97.89602631500236,-28.489072220659835
351,6494.0,11.131311967938093,-9.470990370883442,-175.89292713947853,8.696132156109709,-97.07621232383934,-29.312988675543853
352,6495.0,11.040641983672167,-9.34212324813359,-176.35212848562603,8.685133491533968,-96.27749783503262,-31.34816058604303
353,6496.0,10.95768504377578,-9.20764590800593,-176.82499019169472,8.377658288650693,-94.97971321808204,-33.51276121904682
354,6497.0,10.886668712698533,-9.07804983086885,-177.28204737262834,9.036658549417965,-94.10090893933848,-36.18882800614435
355,6498.0,10.815383118846661,-8.936769311332341,-177.74604821154415,9.179595570527647,-93.36731248407392,-35.418441833216455
356,6499.0,10.748663260493466,-8.795713361474668,-178.2169902299304,8.741858006436082,-92.34492306790752,-43.31146573013505
357,6500.0,10.68382290750295,-8.651228757788658,-178.67665343028168,9.039042488920837,-91.61853383226172,-44.12320020028753
358,6501.0,10.618229733382996,-8.501719625598412,-179.13711326655167,8.39017384027507,-89.51227719959293,-46.17062196388833
359,6502.0,10.561126375703513,-8.355961243677257,-179.61158926544073,9.276329971096414,-88.92692534978578,-46.16550143796509
360,6503.0,10.506430992563896,-8.210651570373784,-180.07338205037226,8.941271459274589,-87.71361141216728,-47.91240009610048
361,6504.0,10.453174042284079,-8.041396044162866,-180.5471304194869,10.219948969584078,-86.82029011224256,-49.00088602032898
362,6505.0,10.41329391975436,-7.883524433938874,-181.01535230340107,10.134925648973352,-85.72916160220348,-51.06367405790655
363,6506.0,10.372536315011487,-7.720850313738424,-181.49285726907533,9.317422161343076,-83.87013213919843,-51.83160902914016
364,6507.0,10.32225396431729,-7.56492820498579,-181.95963120193025,11.030660294987523,-82.9502680168449,-53.24950625510986
365,6508.0,10.282549811253812,-7.401781922134205,-182.436891243833,10.927373357051842,-81.25280692118903,-54.60646424713085
366,6509.0,10.25461593072912,-7.237274319834569,-182.92127107865696,10.655563753244158,-79.79358712985237,-55.47077147415902
367,6510.0,10.213455103234207,-7.0746673370865665,-183.39917080838876,11.556525214553346,-78.63664704581245,-55.15874316917507
368,6511.0,10.185294561020179,-6.9199009846932995,-183.8860136511338,10.597528821877123,-77.04981663771865,-55.18369662105353
369,6512.0,10.150227604380643,-6.770544471455423,-184.37546649645657,10.70676683756944,-75.03233318737456,-54.81417596598446
370,6513.0,10.106340648950162,-6.5979720796620995,-184.8595294008945,10.5989519748388,-72.83582291784143,-55.276418302272496
371,6514.0,10.090021738078537,-6.442806007399099,-185.34849579065252,12.236720724240907,-71.58537653942795,-54.743223543166685
372,6515.0,10.064010859434479,-6.292394150211408,-185.8471254113312,12.393892030911145,-70.01342990299115,-55.453628541505005
373,6516.0,10.032840838898565,-6.125867048383952,-186.33716533355485,11.057724860415425,-68.34412526590921,-56.517158266894846
374,6517.0,10.006381258767913,-5.959822115470274,-186.84149788876454,11.261205111095691,-67.17830131773094,-57.17656892487858
375,6518.0,9.979385025867085,-5.7907330532491414,-187.3387293812625,12.014959392325574,-64.88734143423565,-56.472076646399
376,6519.0,9.943737399959701,-5.623596504858938,-187.84624561654675,11.9495338366928,-63.2852671462611,-55.10200918293317
377,6520.0,9.921927666434456,-5.464989410721728,-188.3479427576956,11.420599766427136,-61.98309892724041,-55.95245782377404
378,6521.0,9.8887255479097,-5.310136395892869,-188.84862779090986,10.751905995170407,-60.530343809262426,-57.24528574606492
379,6522.0,9.852438668364385,-5.163605137144259,-189.35247249241468,11.25918514715594,-59.82211543941976,-57.70479924285173
380,6523.0,9.8255532045313,-5.015829433893259,-189.8518721762634,10.751996485766243,-58.296974067372986,-57.48511073218175
381,6524.0,9.79102015279414,-4.87456902247493,-190.35608917509052,10.397734680339152,-57.23399599356476,-58.16343569445598
382,6525.0,9.758653735600497,-4.729869416101565,-190.8551598541371,10.24671269026833,-55.77045573048195,-58.84993825874116
383,6526.0,9.706972565723,-4.585309855963601,-191.35243635552666,9.809888734425869,-54.446692354534655,-59.13391956882228
384,6527.0,9.665279256931179,-4.453120896414134,-191.8544728841995,9.822387454858998,-53.7199127324122,-58.86322129292442
385,6528.0,9.62039707611699,-4.318044320003878,-192.3445822299201,9.053144603022506,-52.20444180241715,-59.45110645681121
386,6529.0,9.563771250407573,-4.175104605073443,-192.83974823929026,8.903805337357209,-50.7511477437152,-59.34086954616505
387,6530.0,9.516928204161552,-4.045163813831664,-193.33409111397745,8.091784365454304,-49.51788370906311,-58.65952643617044
388,6531.0,9.45599274274284,-3.9151773391648703,-193.8264343613091,8.045830955908276,-48.50158676862544,-59.94048657846667
389,6532.0,9.405783076064068,-3.780897372832669,-194.31165075469957,7.325218340547456,-47.367732422090064,-59.12334681765146
390,6533.0,9.342844069432498,-3.658159278604785,-194.80763344131338,6.161838925240162,-46.187693049074895,-60.56694546206703
391,6534.0,9.274066200209305,-3.542941116834527,-195.2891797926713,6.030381958468519,-44.89815845082232,-60.27078330055862
392,6535.0,9.208292350306813,-3.4108598320584633,-195.7795143066487,5.899205074194201,-43.65761989069998,-59.27912774854853
393,6536.0,9.133314915224027,-3.2917116688491888,-196.265094617976,5.368767360590832,-42.57435541810508,-59.37483509840456
394,6537.0,9.059412772070797,-3.1720485000219014,-196.74141148472765,4.63072427136018,-41.88863922997624,-59.57678501553451
395,6538.0,8.978940478819275,-3.0552138015847277,-197.22125560973575,4.362517944147904,-40.91238333456978,-58.758284690782695
396,6539.0,8.894896362486882,-2.938916392497731,-197.6996809298784,4.132080060505033,-39.82104780178993,-58.88724642345424
397,6540.0,8.815461767650728,-2.8222928740851785,-198.17171987672523,2.868193286473486,-38.75034945793249,-59.283731231255416
398,6541.0,8.719149347784686,-2.7132371486191005,-198.64998568945748,2.0346287739214968,-38.10016712200499,-59.08067508671557
399,6542.0,8.642780129706935,-2.6118442561280517,-199.12037281038604,1.441505788370994,-36.67447566644572,-58.22590887450031
400,6543.0,8.54614491214959,-2.4972115056752955,-199.60120763069665,0.9358106390723842,-35.29439085823576,-58.43703839758768
401,6544.0,8.453336601920185,-2.3946685489310084,-200.06737046860894,0.4806176289543956,-34.77826135590699,-58.20026553075674
402,6545.0,8.361152295177735,-2.298963168425985,-200.54233944868278,-0.6473528081864719,-33.27485495751787,-57.86511889749847
403,6546.0,8.258103051415976,-2.1975414238112307,-201.00638512278007,-1.3725923889183784,-32.42202662001408,-58.19020099790448
404,6547.0,8.150852374638301,-2.103082860658674,-201.47877248253081,-2.091480479244094,-31.663727073910017,-57.69115567333029
405,6548.0,8.055510855387311,-2.0108144728154684,-201.94687767241209,-2.3491364626208617,-30.28037354540677,-56.14560879026695
406,6549.0,7.949048312286469,-1.923524022175343,-202.41554498922974,-3.389130009664394,-29.47929927508293,-56.616584920775104
407,6550.0,7.8365286894779755,-1.8332745719103514,-202.88453096228645,-4.128438588337311,-29.09644145835973,-56.15112465674091
408,6551.0,7.7277676055133915,-1.7540201265104542,-203.35185908078225,-4.76587345440436,-27.430675029911832,-56.11764182671866
409,6552.0,7.627712583327797,-1.672666212312265,-203.8311753271833,-5.140438670933034,-26.8277567103903,-54.44515042072404
410,6553.0,7.507359311119516,-1.5928020796199007,-204.2954252881078,-7.032151346124034,-25.963297771580905,-55.74858329524054
411,6554.0,7.391504736415048,-1.5173631798512588,-204.76751862420576,-7.334321054950307,-25.08904582451807,-53.46547812103981
412,6555.0,7.27782057500037,-1.4440880844472304,-205.23955200835104,-8.366044050828675,-24.039582245334483,-54.85885356412814
413,6556.0,7.167012761184128,-1.3764123045807537,-205.70948233329653,-11.972199241911516,-23.687708128063903,-53.3767339908041
414,6557.0,7.052340337784664,-1.3118327779670835,-206.18680533049164,-10.114884507640824,-22.15542574841036,-53.3925581506269
415,6558.0,6.924791599254694,-1.2490773107771247,-206.65665386844734,-10.030425604672583,-21.29035608050417,-50.843417151078526
416,6559.0,6.80585429509117,-1.191732573985064,-207.14357359042438,-13.40769127318732,-21.137948474779684,-51.20911785814944
417,6560.0,6.682418289801851,-1.133250408785102,-207.6150279756692,-11.71402538329204,-19.28183732877299,-50.32750511859961
418,6561.0,6.564575812735467,-1.0806000383545324,-208.10171397568988,-14.284619466824006,-19.046705141917386,-52.62705410076681
419,6562.0,6.435414049620548,-1.027401418880686,-208.57261065664255,-15.11264528293865,-18.13374333576183,-51.56492709676082
420,6563.0,6.3111683876283555,-0.9789501528368874,-209.05582230448255,-14.942503601757185,-16.888311140776516,-52.17996170233248
421,6564.0,6.1932768630730015,-0.9409742464930559,-209.5446030511669,-15.812942263104262,-15.993628488494483,-51.37846598496693
422,6565.0,6.068544830212407,-0.908871848957574,-210.0228599787149,-16.043193760791777,-15.34028056114412,-49.11632542316621
423,6566.0,5.935017397240894,-0.8724148706417054,-210.5050210538662,-17.278566844354586,-14.23216270830937,-50.59171251668451
424,6567.0,5.815825541436802,-0.8305908098020609,-210.99792571451184,-18.583468412411523,-13.40170533810953,-49.66591536972136
425,6568.0,5.685750047933667,-0.8099136933262798,-211.487468288547,-19.69163023730056,-12.919285762565025,-49.32191420134779
426,6569.0,5.560928155401588,-0.7843037785174829,-211.9779556078472,-19.596640633464585,-11.787253843029951,-48.897944562923705
427,6570.0,5.426419370978119,-0.7740591094269575,-212.4659575175562,-19.47500422976855,-10.38730227976852,-46.85201449883679
428,6571.0,5.2910348732973835,-0.7476893195458842,-212.96265647984035,-20.823870422882777,-9.432861074593966,-47.80174851269625
429,6572.0,5.159963791337334,-0.7315651558819809,-213.47274217293332,-21.964332288849903,-8.167923452432182,-46.27030214294105
430,6573.0,5.056715951910841,-0.7335141467166295,-213.9753008937646,-22.95682070998877,-8.211754044611286,-45.596562012058776
431,6574.0,4.927809689531473,-0.7345216426456318,-214.4743645889681,-24.060989364065136,-7.478859195431808,-44.49068455366423
432,6575.0,4.806513986676715,-0.7227340779111273,-214.98017081625323,-24.94548128029226,-6.451030450695721,-46.53058587588888
433,6576.0,4.680599710403295,-0.7375180131002708,-215.48744433223035,-24.985522385084444,-4.944966986825532,-46.84491973854315
434,6577.0,4.553796838910704,-0.7376918639803307,-215.99720636172796,-25.833469478542863,-4.336818132872622,-46.4150849860244
435,6578.0,4.4321947219730005,-0.7468394944654619,-216.50925363899532,-27.747729114893087,-4.035465377001279,-44.99169657752069
436,6579.0,4.304986750881873,-0.756534432399576,-217.0235788443125,-28.2316660782362,-3.2510715222477784,-45.1433879086336
437,6580.0,4.178782991139964,-0.7686034123828449,-217.54557527997866,-27.58481927573453,-1.7282271231678743,-45.089959059555625
438,6581.0,4.060208157953736,-0.7868236316223829,-218.06072393030487,-28.45747288984646,-1.3394485375200442,-46.22211964516599
439,6582.0,3.937473905707459,-0.8007646162116089,-218.5802152596649,-29.080210239617443,0.6084292067392542,-45.634150837406416
440,6583.0,3.8212586618097832,-0.815515669358092,-219.1078978124833,-30.217264739372556,1.0690358911474631,-45.29979570985779
441,6584.0,3.69805671785375,-0.8466894347108109,-219.62839957297587,-30.29989082440608,-0.1840634881244304,-46.1133880171768
442,6585.0,3.5748187105374134,-0.8627598736329674,-220.16168360745948,-28.82684998170441,2.023839170947792,-42.68855644795611
443,6586.0,3.4574630422071015,-0.8916405824576259,-220.69399329235847,-29.972573145967356,3.510242832468398,-41.92326619934156
444,6587.0,3.340346063960191,-0.9177853255073387,-221.23138544840793,-31.02348224786837,3.032632013914005,-45.25249142243565
445,6588.0,3.2173093626240687,-0.947980130779456,-221.75964197623475,-31.114006440569877,4.899533316808342,-46.08380223327789
446,6589.0,3.101455637968825,-0.9694857453980603,-222.30475591755845,-31.385804259272533,5.100002034544101,-46.62260363887011
447,6590.0,2.978706517227214,-1.0053580740323014,-222.8417479702968,-31.26883905179926,7.159435560049811,-45.81890627608888
448,6591.0,2.865282201166205,-1.0337230869450877,-223.38469684693422,-31.232948069535556,7.604790282985445,-44.31142369229171
449,6592.0,2.750217776979788,-1.0599370391519187,-223.93053079869043,-31.79761113821818,7.981212306094304,-45.48515777713716
450,6593.0,2.6379952070678314,-1.0968495226356936,-224.47751460784622,-30.951069887357693,9.751564291433004,-44.27213678623804
451,6594.0,2.515986815012302,-1.1315943042648087,-225.03410986122577,-31.393094360421795,10.638026574056422,-44.02207830357463
452,6595.0,2.4079844713551255,-1.1495498117101306,-225.59206661317424,-30.90135337379304,11.201967490785336,-45.595664208631085
453,6596.0,2.300240459442348,-1.1849465790583054,-226.13708555646778,-30.01003504566895,11.33142537639888,-44.38798610419145
454,6597.0,2.185363769958821,-1.2217492578080282,-226.69059993141911,-30.816659288162786,12.771876354899184,-45.03469405764848
455,6598.0,2.0651468042817287,-1.2570794089543824,-227.24997786907576,-30.06629631513379,14.176450929853782,-42.45206193222302
456,6599.0,1.9656247446029678,-1.2914587014621475,-227.8011272411835,-30.32495769745647,14.894891869638167,-45.695900689576696
457,6600.0,1.8552052789040712,-1.3218456645904553,-228.3658747936818,-29.183843042724806,14.90850007818406,-45.53173520359928
458,6601.0,1.7516314734624308,-1.3485305447777591,-228.92188021138503,-28.139089709507022,16.62513284126559,-43.466770099843735
459,6602.0,1.6413784931733506,-1.384202663379483,-229.48256859446545,-27.499613286148826,17.403176474309667,-43.37698417412179
460,6603.0,1.5234167635370204,-1.4181067805359362,-230.04535624835003,-26.383461066166664,18.01767214105639,-41.19103434762581
461,6604.0,1.4245533635237626,-1.4438815714917155,-230.60960814486745,-25.9356504709804,18.59387544535401,-44.33744273252185
462,6605.0,1.304808762087018,-1.479666432564727,-231.1732747002773,-24.80983757319085,20.539489468013794,-44.061794348931656
463,6606.0,1.1956996193119966,-1.5007364044457745,-231.74211356632856,-24.221293745119095,21.307506499102782,-42.49170712233596
464,6607.0,1.0829625568780221,-1.5242378395951164,-232.30768558839577,-23.094585138190592,21.716424385257493,-43.32175868526922
465,6608.0,0.9708199249598701,-1.5506879203469452,-232.87618713642553,-22.267887675455324,22.986161864910297,-43.412801730027006
466,6609.0,0.8588996962400781,-1.5679502330722244,-233.44518581392748,-20.89318419889159,22.87191248419149,-43.821320310110025
467,6610.0,0.7457512021662591,-1.5839564387434848,-234.00734551071304,-19.23113387086017,24.60688260841445,-43.908123439940056
468,6611.0,0.6236728005671708,-1.6016220365174831,-234.5797639910485,-17.736291136309703,25.12250268861048,-44.86538718888808
469,6612.0,0.5000970043914066,-1.6019565183141822,-235.15059469807136,-16.281936932021534,24.661257633538817,-44.95457029551109
470,6613.0,0.381808365188121,-1.6054368130379544,-235.71794815026973,-15.31699147921861,25.62547578183851,-43.18953855149668
471,6614.0,0.25523161003162986,-1.6136753462928937,-236.2928167088513,-14.056139840329225,26.45604011315826,-43.34019457748612
472,6615.0,0.11557193180621539,-1.615727627424576,-236.86869151881223,-12.156906634696227,28.03095477863631,-43.03963870931384
473,6616.0,-0.014367025316964543,-1.5986390171323137,-237.44045527521482,-10.467008489629691,28.608927736460316,-42.43679543181303
474,6617.0,-0.13618816881301044,-1.601837496258554,-238.00934398912054,-8.620765907120788,28.58912721384996,-41.783491286137874
475,6618.0,-0.26986696643721775,-1.5795633188527063,-238.58102687852556,-6.8823139090276575,29.53594150083396,-40.07874788554338
476,6619.0,-0.41206349390317953,-1.5603322815821912,-239.1467817828711,-4.454684064678983,31.13274472342247,-38.59140076415459
477,6620.0,-0.5359225974052384,-1.526861490215083,-239.7148473460325,-2.6711688677657843,32.07364307776722,-40.55677905485264
478,6621.0,-0.680437630453854,-1.4784513253728164,-240.28385079886417,-1.077770576888574,30.782475561483047,-42.070290241512005
479,6622.0,-0.8208642858027249,-1.4491959019353544,-240.85213811200887,0.6245369752123714,31.32821221648205,-41.92673268648678
480,6623.0,-0.9572099024757481,-1.390587846279118,-241.4099034237523,2.8159045185324008,32.327088295926494,-40.05568068360406
481,6624.0,-1.102925189144563,-1.3325175334450705,-241.9775628935248,4.539140927012386,33.48970696429568,-40.84329226019855
482,6625.0,-1.2374678154121268,-1.275308044855251,-242.5378209722434,7.223866977501652,33.43706941928522,-38.59957280653786
483,6626.0,-1.3770053151135313,-1.2016232483681506,-243.1063839443736,9.12556238184698,33.87252608636892,-37.94885330026172
484,6627.0,-1.5167326679399884,-1.1239256636225718,-243.6538784479459,11.332195350592448,33.36920672932629,-37.80145880006419
485,6628.0,-1.6565370584116623,-1.0383112997304806,-244.20442911003306,12.075453281138753,33.443110446196386,-37.36838939739824
486,6629.0,-1.8010777957703783,-0.9419205956204451,-244.76662041754972,15.375530030062729,33.75962602927058,-36.79523136097651
487,6630.0,-1.9393198427756602,-0.8463578633022735,-245.31437710018375,16.36207229909056,33.92077014947141,-37.4450747026778
488,6631.0,-2.0695746221952174,-0.7385902390550427,-245.86353679060872,20.84225181047038,33.28615608555468,-36.72295474451201
489,6632.0,-2.2095381045834244,-0.6204170613998485,-246.4149709164614,25.94742467279804,32.5431988494706,-36.13234152010053
490,6633.0,-2.333011896578215,-0.5036136655949122,-246.95616939477952,23.015089030563235,33.32002207908021,-35.66645759907406
491,6634.0,-2.460390745953543,-0.38448647989832807,-247.50517041226635,24.49214508400935,33.290839288453114,-35.940236142624315
492,6635.0,-2.584725852362635,-0.2512572282785186,-248.04578820827342,27.84410227426765,32.50148948998224,-35.91354953567203
493,6636.0,-2.703436251839454,-0.10859952287455599,-248.58062616126628,28.800932195696017,32.21563498683916,-35.28445710087296
494,6637.0,-2.820285271756778,0.04625133675676807,-249.1184222816919,31.52447988436861,31.383265615019727,-35.349375359352614
495,6638.0,-2.9315655813960704,0.18942952491511278,-249.65173582859845,32.49320128086064,30.652092189467364,-35.09624717483399
496,6639.0,-3.0304959753926104,0.3521206797870491,-250.18279643486036,34.777513000497294,30.540873486227845,-34.955950402107604
497,6640.0,-3.1214714730059523,0.5069062373094084,-250.7073538422659,36.64912158835296,29.52958735664421,-35.28560184475558
498,6641.0,-3.22102436917949,0.6826384696216792,-251.22888531411158,37.506102798777256,29.23270380980154,-34.11974500373339
499,6642.0,-3.310753290742467,0.8503299556103912,-251.7493883136198,39.9244999567789,28.545993180407148,-33.05106154303058
500,6643.0,-3.388371701324115,1.0284245546968123,-252.2653263632005,40.49602092985969,27.824115682408056,-32.7348493144688
501,6644.0,-3.459308658326436,1.2072278453354102,-252.77964728697592,42.96448613287114,26.713604938855585,-33.33455248961139
502,6645.0,-3.5336611752692857,1.3915838862151304,-253.28167299798565,43.88882444025918,25.7184546933814,-33.60556320075209
503,6646.0,-3.5891151710972906,1.5856989291515902,-253.7908358468822,46.264750963738,25.51161691920183,-32.28562266411854
504,6647.0,-3.6425140023983538,1.7761318062429154,-254.29238207349584,47.08287068817813,24.668311654106592,-31.00625146685008
505,6648.0,-3.6933296057171123,1.9594907405344202,-254.7882198199912,49.7116972907172,23.520489164380912,-31.20258905666688
506,6649.0,-3.737156015133457,2.1584814109459103,-255.2800831832821,50.24399014110539,22.63954949956159,-30.7401855088118
507,6650.0,-3.778186511038842,2.3601536886526446,-255.7657753245157,51.56806951296273,21.583061837285232,-30.32970626162321
508,6651.0,-3.802265265130255,2.5526366993425427,-256.2538857642677,52.60291050337383,20.35697970012379,-29.256331896228627
509,6652.0,-3.8335533916065883,2.7446007725409345,-256.7307135055213,54.88484410542492,19.48084381061373,-28.72015998854604
510,6653.0,-3.8466950104676787,2.9456176073599636,-257.20176879936537,55.24094294971093,18.422924735428108,-28.671480196425943
511,6654.0,-3.860528689232974,3.153864754150277,-257.6774283312624,57.41619234024075,17.575614754859977,-27.146529746105173
512,6655.0,-3.8743452927561814,3.3506306395877345,-258.1454053682636,57.76091237036497,16.11278843261297,-27.12643501419756
513,6656.0,-3.8774483531709025,3.5405565758233024,-258.6188254038654,59.111134838709134,15.161114893323326,-26.735590198382216
514,6657.0,-3.875561136302549,3.726761380265316,-259.0769611491854,60.12317216077915,13.662530823235189,-26.56815347603307
515,6658.0,-3.8725130277254127,3.915744837420334,-259.5360952112147,61.31883824938743,12.49429378615934,-25.410271457229666
516,6659.0,-3.859985574008303,4.103215563862818,-260.0033333435653,62.37982790489417,11.142401804868555,-25.17494804924212
517,6660.0,-3.8522049466887687,4.288289281288598,-260.46390041834707,63.74785817395247,10.14428611831024,-24.740455590852523
518,6661.0,-3.843228060216106,4.475174901414448,-260.92311103052884,64.07816403655832,8.40242642212191,-24.365667288057693
519,6662.0,-3.8155226384531953,4.653720562126523,-261.3826892068157,65.06007936392581,7.202212103288567,-23.656456518795743
520,6663.0,-3.79156381988865,4.84205125137828,-261.84049806241467,66.09367215243678,6.076830396633044,-23.20974711929909
521,6664.0,-3.7680852618288725,5.027588477506242,-262.29826618135644,65.69467948936239,4.468828177893192,-23.03849647557825
522,6665.0,-3.737431330299005,5.198809294160355,-262.75103393806256,66.01185682930529,3.576986813616016,-22.206960427136533
523,6666.0,-3.7053941406501565,5.367707483801155,-263.2198938491827,66.85076056678784,2.298456442637565,-21.389016006906232
524,6667.0,-3.671865398279064,5.532030496254151,-263.6705695788616,66.63437756405662,0.8465334350259083,-21.385353447158728
525,6668.0,-3.6343760439493575,5.695273567714253,-264.1315282042768,67.33117909391841,-0.1925025501953283,-20.97037456470417
526,6669.0,-3.5937832657399555,5.856335931411536,-264.58654892712747,67.9301884869659,-1.5641964756013629,-20.04925151196114
527,6670.0,-3.5473824145998516,6.010491730026388,-265.05306047065767,68.87012817648011,-2.857958507318664,-18.948219159989257
528,6671.0,-3.498491144727277,6.1569774174856775,-265.514595530989,69.99818059134661,-4.53100121391189,-17.935910288575005
529,6672.0,-3.4516860537389142,6.302745276860719,-265.9822538498428,69.64326552583785,-5.883644539117324,-17.33607277191173
530,6673.0,-3.400017757518152,6.44314446133194,-266.44962782384977,70.27019608745883,-7.606837511129626,-16.82426176939285
531,6674.0,-3.3428254242009885,6.581493864933577,-266.9144480379778,69.49812739374985,-10.234771878741473,-18.03927228368549
532,6675.0,-3.28906284741562,6.7032717126325,-267.38490852224817,70.85923353659965,-10.431097857511167,-15.79945498191767
533,6676.0,-3.229804914471887,6.823359446726954,-267.8618726074391,71.25745180714004,-10.690304858606751,-15.124215923611652
534,6677.0,-3.170704331060492,6.94792619169948,-268.3364199313723,70.97769732549966,-11.870150970132782,-14.501427949811498
535,6678.0,-3.112328157268133,7.0510165251453145,-268.8194685870341,70.7596948402558,-13.793537490398135,-14.339859151019644
536,6679.0,-3.0505309020064795,7.168044990769772,-269.3059839836383,70.62336099012396,-16.00901282128141,-14.767503004104054
537,6680.0,-2.980065789904259,7.265649223516903,-269.78920471226127,71.41920485636551,-15.472938229511636,-12.611194653630326
538,6681.0,-2.9027499707116973,7.354742574412285,-270.28011197060863,72.37873366914435,-16.41732309949881,-13.096215444132524
539,6682.0,-2.8296601808249875,7.448608191602148,-270.76661573050745,71.53002040076076,-19.114696200073997,-12.326301455077092
540,6683.0,-2.762302590084624,7.5423751635070175,-271.25585691283027,71.10008741778462,-20.748018084195923,-11.698085480350716
541,6684.0,-2.6798701485293273,7.617356046442069,-271.75263539178894,70.52395350830407,-23.72247079129275,-11.899701339752424
542,6685.0,-2.594885810587784,7.6897301536038185,-272.2582073000462,70.45032780422089,-23.762907784757694,-9.952077087974832
543,6686.0,-2.520122253015963,7.750092244844609,-272.7688971002668,69.30491709376247,-27.613240764806683,-11.889534185038848
544,6687.0,-2.446923158940836,7.812782052977127,-273.2713723004222,69.01364310295472,-29.164031361089616,-10.50841362891085
545,6688.0,-2.3521095754723045,7.866734544674614,-273.7811294706086,69.55920316053644,-29.7397997153308,-10.482752873187584
546,6689.0,-2.2761573659388183,7.91698356114307,-274.29819271556903,68.7183351815473,-32.48583733073387,-11.342134409846562
547,6690.0,-2.1819499355507674,7.965747679765855,-274.81575657409223,69.02259054217107,-33.008713971715615,-10.085338700262165
548,6691.0,-2.0913283332105954,7.989073991479586,-275.3340760752436,69.10883168881463,-33.84345069900843,-9.006680502812612
549,6692.0,-1.9944638159539805,8.036965398502048,-275.8585319202379,69.10443140248135,-36.02540382797535,-9.0978258749221
550,6693.0,-1.8948059054431408,8.062450257270484,-276.3851103640504,69.3704328150303,-38.16038624949737,-9.889734655025352
551,6694.0,-1.7901889649184004,8.091739933212352,-276.9155799335288,69.09205869984217,-38.58690482733898,-8.508294577657729
552,6695.0,-1.6923630828694232,8.105168030374102,-277.44066694128804,70.02097367397771,-38.49424295568351,-6.374429450126893
553,6696.0,-1.5762892908579302,8.130211694600575,-277.96624936353714,69.33650820388972,-42.36945963510214,-9.341675146515584
554,6697.0,-1.4757074019576537,8.12616095257033,-278.499303833572,69.76806078200694,-43.54625230744392,-9.112460105505413
555,6698.0,-1.3684336949286688,8.141548411269014,-279.03502715349083,69.83454964353302,-44.90654666690936,-8.515335939988978
556,6699.0,-1.248350465267246,8.142348227483808,-279.5675690933456,69.7374662092676,-45.91245939658119,-7.055405076449133
557,6700.0,-1.1282784949630722,8.142992928892113,-280.111365116745,71.28528480915986,-46.167694374006444,-6.033861129832148
558,6701.0,-1.0151496354569414,8.122762121935011,-280.6518358631819,70.72838187350052,-49.00919935497828,-7.42036242403801
559,6702.0,-0.9085424700654263,8.115484069173931,-281.19256553206026,70.84873709024811,-49.82111458845174,-6.6623813060725325
560,6703.0,-0.7779139761216864,8.101076636905532,-281.7353343649533,73.00473830867193,-48.67302546289551,-3.234040969046561
561,6704.0,-0.6473086965413097,8.080719610457209,-282.27229475139467,71.6190475932933,-53.29939033689245,-6.808680882254346
562,6705.0,-0.5257073438721331,8.062097904784764,-282.8124558413884,71.92578215150183,-54.32006667728655,-5.995384774920254
563,6706.0,-0.39729808477874595,8.030279769279218,-283.36401375468705,72.31918931088985,-56.47340972685575,-6.580847795701327
564,6707.0,-0.26810979256448153,8.005562927043115,-283.90107111444735,72.29223378056433,-57.028229173667874,-4.987735202431702
565,6708.0,-0.13250000510860271,7.967662320011641,-284.45303345217405,73.50450113925426,-58.3328616820457,-5.590359103677778
566,6709.0,0.0026596938542802206,7.928991535611658,-285.01051107097817,74.13651942616823,-58.898262377644535,-3.572432560272199
567,6710.0,0.1299692401385366,7.883439274344141,-285.55325888059303,74.7854000739219,-60.78594970928424,-4.631481771356796
568,6711.0,0.2805639513798379,7.848868795417502,-286.09783303490246,74.72126197355293,-60.71947676345031,-2.496287196566564
569,6712.0,0.41040369214507155,7.808016592736408,-286.6554599803164,75.60730489305436,-61.7134335932036,-2.678574836917413
570,6713.0,0.5530737876656477,7.754947889346454,-287.205950792021,76.57811942803173,-61.323649864822144,-0.2888733630056528
571,6714.0,0.6921565425909169,7.695997353508119,-287.75286409065495,77.43380990878218,-63.43968105279059,-1.3431488078983336
572,6715.0,0.8332525188819826,7.650646558269841,-288.3034937892512,78.02260810901329,-65.48700224804705,-2.59251941933246
573,6716.0,0.9782220744862729,7.594206538537037,-288.85651717489446,79.5132050229903,-65.93363897792943,-1.2288325592577916
574,6717.0,1.1426903496259797,7.549758553299057,-289.405870720726,78.9653817392952,-66.41933136436275,-0.828414450607124
575,6718.0,1.2722307062069662,7.495630508776003,-289.94245821188713,80.76781501954501,-67.15563545125822,-1.0033062656028824
576,6719.0,1.429533075856324,7.429118293552619,-290.49539437865906,80.24356400904173,-67.62057161198071,0.9282152784188478
577,6720.0,1.585407225677253,7.37178987207426,-291.0429598788178,81.00076675214841,-68.9446056965287,0.2541283389475022
578,6721.0,1.748007043560908,7.319804023827146,-291.58905398401964,82.50554460812955,-69.22455451340602,0.7612567589759336
579,6722.0,1.8963716165403683,7.268556584874091,-292.1348673373679,83.14657256177453,-70.19952052909353,0.5419391341747181
580,6723.0,2.064124046812818,7.225481358661568,-292.6740062743989,83.35670036495857,-71.2874705944697,0.5615012370983404
581,6724.0,2.2301111363424546,7.171724203771305,-293.22312146821946,83.93620372542166,-72.09848265984952,0.564194154859456
582,6725.0,2.390869778184718,7.11803846583075,-293.7529501195065,85.0984213055862,-72.47151545313416,0.6267927877680776
583,6726.0,2.5514477416125185,7.058041063230462,-294.2896627771394,86.84967870579523,-72.81667662950188,0.7675281210171605
584,6727.0,2.7235483506811944,7.013658302076124,-294.82436906888137,87.72893077778046,-72.47293642021069,1.4310151635664683
585,6728.0,2.8954822711121286,6.971074835018612,-295.35223041008186,87.2537023494649,-73.9141181492959,0.8508484673033434
586,6729.0,3.0594761166385274,6.928294874841072,-295.88175610904636,88.4112640017894,-74.10509948009289,1.010156661368934
587,6730.0,3.252370238296698,6.89858975840923,-296.4065265502613,89.50261294562297,-74.95770691581635,0.1032872529985335
588,6731.0,3.4153043828936136,6.855593748857245,-296.9350048300388,89.5482367883045,-75.95995990688819,-0.7094955775780518
589,6732.0,3.607769654552661,6.8246814455277445,-297.4515421688228,90.5708545256506,-76.2634777545744,-1.041484771617644
590,6733.0,3.780642454757129,6.8016175517464035,-297.9710336848003,91.1623791272872,-76.65208681140868,-1.2042592176594042
591,6734.0,3.9805625631489674,6.771838172030812,-298.4919349634988,91.88273637573322,-76.81373487756082,-1.1113075474030527
592,6735.0,4.155940850957838,6.747000038494093,-299.0066131572523,91.80315816545992,-77.48108783161904,-1.498025607527888
593,6736.0,4.344641817086393,6.7248532029552734,-299.5186784286367,102.76001935833196,-72.55226465624291,-0.4915619270607473
594,6737.0,4.529994589878171,6.707956324490397,-300.0290298529149,102.14981741111217,-68.53962903536105,3.115918886438305
595,6738.0,4.71146796748186,6.694410522915518,-300.5369640314891,102.9988496475669,-68.71046181514002,2.905965609095182
596,6739.0,4.905807271463622,6.676032365958804,-301.0348290050497,103.71780600538352,-69.12456434444083,2.0028816717912883
597,6740.0,5.089406443805491,6.669983883544205,-301.54630761875904,104.76845540800734,-69.48246580754466,1.1094568047412006
598,6741.0,5.275775207120955,6.669812985859949,-302.0413314188743,105.6098346393892,-69.72010307737818,0.4622046601341425
599,6742.0,5.464499189860541,6.672665388304381,-302.542994302937,106.31549961047924,-69.99727674553198,-0.2726365515140114
600,6743.0,5.6512056902975045,6.665990791908371,-303.0410899190671,106.31740549740182,-70.54552295503585,-1.322402572494208
601,6744.0,5.835783137707431,6.6789229062598,-303.5361037520015,107.043142698159,-71.35790355648732,-2.438732044121189
602,6745.0,6.0227008049959165,6.6861753902149985,-304.0400887534738,108.6331379749642,-70.17107324095741,-2.422145012708972
603,6746.0,6.210920410809892,6.692337006096636,-304.5370206466468,106.11978517354356,-72.43848586231854,-4.834936821257375
604,6747.0,6.392580244680986,6.703603591699448,-305.0246693167886,110.25331041181846,-70.30136445214974,-4.158891985656408
605,6748.0,6.569230325395536,6.722142893957539,-305.52141264742767,110.583233624355,-71.07949731980595,-5.817203635859582
606,6749.0,6.749678742981108,6.747699113905355,-306.0228236719097,110.59443683705952,-71.33573923833785,-7.016195384089622
607,6750.0,6.9353937768548635,6.778637535335861,-306.5162469312194,112.73779808764375,-69.429635456898,-6.800151116216812
608,6751.0,7.103870539210685,6.801202851621838,-307.01221811069615,110.68068083225836,-72.84469817860868,-10.258276448527209
609,6752.0,7.290058363715011,6.83487684244551,-307.5075737086711,111.19126848847334,-72.62557970605958,-11.394086342143328
610,6753.0,7.458486522163299,6.86921369020547,-307.9982169043384,113.45814410298604,-71.16270663445107,-11.74589346566846
611,6754.0,7.627720703887122,6.908194937549069,-308.49488605781346,112.78938917006788,-71.89204783600249,-14.133354159149984
612,6755.0,7.793136258014228,6.954265086766782,-308.99328650200005,113.30027997358826,-71.58375876767266,-15.268096675580075
613,6756.0,7.948558343899747,6.998976077605448,-309.49265488459974,113.58184662821384,-71.466387611361,-17.354325328719028
614,6757.0,8.103163722732436,7.050262468724327,-309.98894608850503,115.08595104004615,-70.38724160850754,-17.887539664934092
615,6758.0,8.278230290223888,7.103563883929382,-310.4847232265652,115.12121042201474,-71.15906918174484,-19.070405796599044
616,6759.0,8.426039780393232,7.1508621173959455,-310.9872059862555,116.76623600509112,-70.06176371689561,-20.56050683222855
617,6760.0,8.556674467870423,7.208687693779893,-311.49513155124794,117.2167208400926,-69.03517433651831,-22.248422595532187
618,6761.0,8.709370998550739,7.268770590086888,-311.9862468067247,117.09584628038144,-68.40374265986756,-24.51740308574662
619,6762.0,8.853004346338533,7.328252066180198,-312.50661519582644,119.51020054024056,-66.42570203685226,-25.266180232593307
620,6763.0,8.975696280615864,7.3982745501128875,-312.99887080985826,119.74467628988523,-65.99216541586097,-26.990126665937375
621,6764.0,9.103144016226324,7.470493651648212,-313.50151938788997,119.99294462388912,-65.23304542821636,-29.040762757329297
622,6765.0,9.231795541055966,7.5417095165120145,-314.01324221407504,120.67620071489154,-64.39630803305681,-30.46546843435608
623,6766.0,9.347693004488235,7.619711776816757,-314.5245172658627,120.97781239490044,-63.59453030643529,-32.112143029266406
624,6767.0,9.46841128790556,7.696919228741876,-315.0324797803671,121.6265482696694,-62.35113487291896,-32.84441340744301
625,6768.0,9.579470555339025,7.77381821246513,-315.54711622409945,122.29376612868737,-61.75600306931431,-34.23365789393242
626,6769.0,9.677043798960511,7.853951653040099,-316.05355773245185,121.56855094435711,-61.837553594293325,-37.17116235484204
627,6770.0,9.772646483122148,7.939331336502278,-316.5719763950784,122.67822419911688,-59.743034285644114,-37.78910414284385
628,6771.0,9.862755063320883,8.01966332261145,-317.0886989175765,122.603956218102,-59.44076979118238,-39.5979825146989
629,6772.0,9.941699695404385,8.11640118316052,-317.60813288736654,122.56514730874082,-58.08766934708009,-40.81375481880771
630,6773.0,10.027445135097604,8.198369402689423,-318.1218237443934,121.59811757207314,-57.45992128613147,-42.47592976440297
631,6774.0,10.089340033367403,8.29103652395554,-318.6368512656357,124.3105842910378,-60.13977761973116,-48.436131884288784
632,6775.0,10.162530406983382,8.394189757759477,-319.1561547491402,124.34776972940064,-58.95996186521177,-50.903618781720255
633,6776.0,10.216933872061205,8.489119811027308,-319.67503878724733,125.37671167242304,-58.15866338654426,-52.243217840529496
634,6777.0,10.272604006585858,8.585584242261916,-320.1920859695004,126.85459117905404,-55.231293080858926,-53.393882225242585
635,6778.0,10.323683994340456,8.683606274552403,-320.7120952690483,124.68970533596983,-56.11094475031652,-57.15748046562389
636,6779.0,10.360599523444655,8.792429171774984,-321.2326861835651,124.2403839170802,-55.37486818651552,-58.83771043963876
637,6780.0,10.392034268356209,8.898082421014578,-321.7527517419089,123.64919873805054,-54.419117173686445,-60.49476494175624
638,6781.0,10.427264002419381,9.002999943977898,-322.2595182504549,123.7345976193108,-52.23220363539122,-60.81538118498938
639,6782.0,10.453181011628377,9.116823974348335,-322.7886052503359,122.7810440002208,-52.66723905803918,-62.90022361324009
640,6783.0,10.472071359481657,9.22625063387477,-323.30532376155884,122.52131010907542,-53.66119807140651,-65.13998693719233
641,6784.0,10.479593899438623,9.335427897571208,-323.8277393575943,119.41643600698394,-47.74510978885069,-63.33776591169579
642,6785.0,10.491582658143194,9.451978450827255,-324.3450245667664,117.78915012278212,-45.90454905417219,-63.474973861513135
643,6786.0,10.493740526309548,9.55805813157292,-324.85922246225937,117.14703529235898,-48.03543806610136,-67.40799865113006
644,6787.0,10.481469855115456,9.677473110718324,-325.3773822785289,115.08107340616272,-44.73455851325039,-66.03184296171143
645,6788.0,10.471434014556582,9.802172197639493,-325.8940143528713,115.08100554341256,-45.69723618586265,-68.31108193970307
646,6789.0,10.45738034997678,9.910231345259376,-326.4066110705824,111.66809587145784,-38.4354728871885,-65.28080761175966
647,6790.0,10.439573509186847,10.03410785242329,-326.9222106722978,111.26874430630532,-41.13982354900317,-69.80131346552544
648,6791.0,10.407783310591103,10.15829218929855,-327.43318801943917,108.5999858141682,-34.56570689357032,-66.53036303107788
649,6792.0,10.378515888051485,10.27033752346074,-327.95203298771634,108.83478161573512,-39.92171097303296,-72.58520643606941
650,6793.0,10.350970641917893,10.407935829667167,-328.4743475465659,106.45816821444208,-35.21454082489642,-71.8464747412423
651,6794.0,10.311764332518102,10.53974787760717,-328.98946738643036,104.96130311490842,-32.464127193403655,-71.6000805072315
652,6795.0,10.260721700790587,10.655950908535715,-329.50282549901715,103.4004118816219,-31.12939867283505,-72.00709452206864
653,6796.0,10.20496502708459,10.773548849422355,-330.01540735099695,102.82329228024886,-29.9262884778069,-72.69415554354009
654,6797.0,10.154644968672503,10.896226410904774,-330.5209132779372,99.95287824332031,-23.497721554822004,-71.52916702002366
655,6798.0,10.088269145412372,11.020581623318435,-331.03058315144244,99.60592168903484,-27.00376346987972,-75.77570462092396
656,6799.0,10.025106862580891,11.141058806572687,-331.533624304802,98.06169433127698,-25.03169401110732,-76.70543362646715
657,6800.0,9.95691686565954,11.260386146147312,-332.04252533199747,95.9629338527138,-19.658154202441285,-74.62237469678485
658,6801.0,9.877458301579544,11.386578163196532,-332.55262109650073,94.00989770549062,-16.88099898101756,-75.61422466796786
659,6802.0,9.802888639534682,11.509091654183521,-333.0549689295855,92.98459222946084,-14.160868507673262,-75.24356635727943
660,6803.0,9.723146780748277,11.629669640430848,-333.5610469969088,92.40601547804474,-18.23941891298898,-80.04126472527149
661,6804.0,9.633487221732107,11.753949702435307,-334.06222836567366,90.41853673750865,-18.005945773895053,-82.49938855793634
662,6805.0,9.537280134927887,11.87525478303587,-334.5694466270791,90.42528584020006,-20.59918805010303,-85.14663372531525
663,6806.0,9.448432695718306,11.981743067579714,-335.0734736243961,87.68748455508404,-14.947893089297692,-85.16770943101412
664,6807.0,9.340503014818317,12.075739294892742,-335.57865730821584,86.796691426957,-16.17710196778345,-87.34193824812135
665,6808.0,9.237508878929859,12.18061130038393,-336.0906946058874,84.60935932043853,-10.327038766009109,-86.78228761371281
666,6809.0,9.137510915951431,12.282607326828384,-336.58522686732283,84.12039530533056,-15.163678470899804,-90.49475385831325
667,6810.0,9.020278870621045,12.382897137090822,-337.0871520842764,81.26812219654589,-16.65437278086532,-95.15133081604309
668,6811.0,8.901506930746798,12.495175427055642,-337.5723955869177,79.91920133213156,-16.75486651753805,-96.43073298995552
669,6812.0,8.779561643533661,12.601694075765863,-338.0638518302724,78.4544802754986,-20.12960960363598,-99.63852225500548
670,6813.0,8.646551292427748,12.7146860317755,-338.5551539661262,76.73746866233995,-21.762408725837044,-102.1182598973441
671,6814.0,8.509239474626806,12.805645221513828,-339.04403431435253,75.50102028076026,-12.152268851387216,-99.274193983703
672,6815.0,8.363715621680669,12.90333436524213,-339.5271290864564,72.83636115777932,-13.594551902977262,-102.45314944130844
